{
    "test 0": {
        "params": [
            {
                "S": 2.0,
                "vol": 0.3,
                "r": 0.03,
                "T": 0.0821917808219178,
                "mu": 0.6919143038476165,
                "sigma": 0.08600732686214937,
                "mean": 2.004937591789559,
                "std": 0.1727587094262651,
                "low": 1.4866614635107638,
                "high": 2.5232137200683544
            },
            {
                "S": 2.0,
                "vol": 0.3,
                "r": 0.03,
                "T": 0.0821917808219178,
                "mu": 0.6919143038476165,
                "sigma": 0.08600732686214937,
                "mean": 2.004937591789559,
                "std": 0.1727587094262651,
                "low": 1.4866614635107638,
                "high": 2.5232137200683544
            }
        ],
        "covariance": [
            [0.0333043128084073, 0.028216273529359185],
            [0.028216273529359185, 0.024193561272159204]
        ],
        "test_params": { "epsilon": 0.01, "alpha": 0.01 },
        "results": [
            0.7391090617874705,
            0.7423683196239514,
            0.6875826839716164,
            0.797153955276286,
            "True"
        ]
    },
    "test 1": {
        "params": [
            {
                "S": 2.0,
                "vol": 0.3,
                "r": 0.03,
                "T": 0.0821917808219178,
                "mu": 0.6919143038476165,
                "sigma": 0.08600732686214937,
                "mean": 2.004937591789559,
                "std": 0.1727587094262651,
                "low": 1.4866614635107638,
                "high": 2.5232137200683544
            },
            {
                "S": 2.0,
                "vol": 0.3,
                "r": 0.03,
                "T": 0.0821917808219178,
                "mu": 0.6919143038476165,
                "sigma": 0.08600732686214937,
                "mean": 2.004937591789559,
                "std": 0.1727587094262651,
                "low": 1.4866614635107638,
                "high": 2.5232137200683544
            }
        ],
        "covariance": [
            [0.0333043128084073, 0.028216273529359185],
            [0.028216273529359185, 0.024193561272159204]
        ],
        "test_params": { "epsilon": 0.01, "alpha": 0.01 },
        "results": [
            0.024172046842940668,
            0.02925300161961842,
            0.022232554491426176,
            0.036273448747810806,
            "True"
        ]
    },
    "test 2": {
        "params": [
            {
                "S": 2.0,
                "vol": 0.3,
                "r": 0.03,
                "T": 0.0821917808219178,
                "mu": 0.6919143038476165,
                "sigma": 0.08600732686214937,
                "mean": 2.004937591789559,
                "std": 0.1727587094262651,
                "low": 1.4866614635107638,
                "high": 2.5232137200683544
            },
            {
                "S": 2.0,
                "vol": 0.3,
                "r": 0.03,
                "T": 0.1095890410958904,
                "mu": 0.691503344943507,
                "sigma": 0.09931270663228416,
                "mean": 2.006586163102872,
                "std": 0.1997718882337192,
                "low": 1.4072704984017146,
                "high": 2.6059018278040296
            }
        ],
        "covariance": [
            [0.009720855604634244, -0.005396414377219058],
            [-0.005396414377219058, 0.03592202783657797]
        ],
        "test_params": { "epsilon": 0.01, "alpha": 0.01 },
        "results": [
            0.8168209661135175,
            0.8239395186086155,
            0.7819983716659713,
            0.8658806655512599,
            "True"
        ]
    },
    "test 3": {
        "params": [
            {
                "S": 2.0,
                "vol": 0.3,
                "r": 0.03,
                "T": 0.0821917808219178,
                "mu": 0.6919143038476165,
                "sigma": 0.08600732686214937,
                "mean": 2.004937591789559,
                "std": 0.1727587094262651,
                "low": 1.4866614635107638,
                "high": 2.5232137200683544
            },
            {
                "S": 2.0,
                "vol": 0.3,
                "r": 0.03,
                "T": 0.1095890410958904,
                "mu": 0.691503344943507,
                "sigma": 0.09931270663228416,
                "mean": 2.006586163102872,
                "std": 0.1997718882337192,
                "low": 1.4072704984017146,
                "high": 2.6059018278040296
            }
        ],
        "covariance": [
            [0.009720855604634244, -0.005396414377219058],
            [-0.005396414377219058, 0.03592202783657797]
        ],
        "test_params": { "epsilon": 0.01, "alpha": 0.01 },
        "results": [
            0.0036009935270878484,
            -0.0024474871000974897,
            -0.022997416067822508,
            0.018102441867627526,
            "True"
        ]
    },
    "test 4": {
        "params": [
            {
                "S": 2.0,
                "vol": 0.3,
                "r": 0.03,
                "T": 0.1095890410958904,
                "mu": 0.691503344943507,
                "sigma": 0.09931270663228416,
                "mean": 2.006586163102872,
                "std": 0.1997718882337192,
                "low": 1.4072704984017146,
                "high": 2.6059018278040296
            },
            {
                "S": 2.0,
                "vol": 0.3,
                "r": 0.03,
                "T": 0.0821917808219178,
                "mu": 0.6919143038476165,
                "sigma": 0.08600732686214937,
                "mean": 2.004937591789559,
                "std": 0.1727587094262651,
                "low": 1.4866614635107638,
                "high": 2.5232137200683544
            }
        ],
        "covariance": [
            [0.04166072896776092, 0.004805978338598081],
            [0.004805978338598081, 0.015711026433985663]
        ],
        "test_params": { "epsilon": 0.01, "alpha": 0.01 },
        "results": [
            0.8005185971647018,
            0.8078622937433224,
            0.7274524340500013,
            0.8882721534366442,
            "True"
        ]
    },
    "test 5": {
        "params": [
            {
                "S": 2.0,
                "vol": 0.3,
                "r": 0.03,
                "T": 0.1095890410958904,
                "mu": 0.691503344943507,
                "sigma": 0.09931270663228416,
                "mean": 2.006586163102872,
                "std": 0.1997718882337192,
                "low": 1.4072704984017146,
                "high": 2.6059018278040296
            },
            {
                "S": 2.0,
                "vol": 0.3,
                "r": 0.03,
                "T": 0.0821917808219178,
                "mu": 0.6919143038476165,
                "sigma": 0.08600732686214937,
                "mean": 2.004937591789559,
                "std": 0.1727587094262651,
                "low": 1.4866614635107638,
                "high": 2.5232137200683544
            }
        ],
        "covariance": [
            [0.04166072896776092, 0.004805978338598081],
            [0.004805978338598081, 0.015711026433985663]
        ],
        "test_params": { "epsilon": 0.01, "alpha": 0.01 },
        "results": [
            0.012325038802088475,
            0.03471930381086565,
            0.006140281422787951,
            0.06329832619894335,
            "True"
        ]
    },
    "test 6": {
        "params": [
            {
                "S": 2.0,
                "vol": 0.3,
                "r": 0.03,
                "T": 0.1095890410958904,
                "mu": 0.691503344943507,
                "sigma": 0.09931270663228416,
                "mean": 2.006586163102872,
                "std": 0.1997718882337192,
                "low": 1.4072704984017146,