{
    "test 0": {
        "params": [
            {
                "S": 2.0,
                "vol": 0.3,
                "r": 0.03,
                "T": 0.0821917808219178,
                "mu": 0.6919143038476165,
                "sigma": 0.08600732686214937,
                "mean": 2.004937591789559,
                "std": 0.1727587094262651,
                "low": 1.4866614635107638,
                "high": 2.5232137200683544
            },
            {
                "S": 2.0,
                "vol": 0.3,
                "r": 0.03,
                "T": 0.0821917808219178,
                "mu": 0.6919143038476165,
                "sigma": 0.08600732686214937,
                "mean": 2.004937591789559,
                "std": 0.1727587094262651,
                "low": 1.4866614635107638,
                "high": 2.5232137200683544
            }
        ],
        "covariance": [
            [
                0.10183813800331629,
                -0.0033153063591282975
            ],
            [
                -0.0033153063591282975,
                0.00935220731625954
            ]
        ],
        "test_params": {
            "epsilon": 0.01,
            "alpha": 0.01
        },
        "results": [
            [
                0.5076196977093703,
                0.5010079207285095,
                0.4689574317996635,
                0.533058409657355,
                "True"
            ],
            [
                0.5076196977093703,
                0.49453255004145125,
                0.4672213394343778,
                0.5218437606485247,
                "True"
            ],
            [
                0.5076196977093703,
                0.5130213685269767,
                0.4809307809320448,
                0.5451119561219085,
                "True"
            ]
        ]
    },
    "test 1": {
        "params": [
            {
                "S": 2.0,
                "vol": 0.3,
                "r": 0.03,
                "T": 0.0821917808219178,
                "mu": 0.6919143038476165,
                "sigma": 0.08600732686214937,
                "mean": 2.004937591789559,
                "std": 0.1727587094262651,
                "low": 1.4866614635107638,
                "high": 2.5232137200683544
            },
            {
                "S": 2.0,
                "vol": 0.3,
                "r": 0.03,
                "T": 0.0821917808219178,
                "mu": 0.6919143038476165,
                "sigma": 0.08600732686214937,
                "mean": 2.004937591789559,
                "std": 0.1727587094262651,
                "low": 1.4866614635107638,
                "high": 2.5232137200683544
            }
        ],
        "covariance": [
            [
                0.10183813800331629,
                -0.0033153063591282975
            ],
            [
                -0.0033153063591282975,
                0.00935220731625954
            ]
        ],
        "test_params": {
            "epsilon": 0.01,
            "alpha": 0.01
        },
        "results": [
            [
                0.039805296720278126,
                0.03820614779731728,
                0.028344704426743608,
                0.04806759116789095,
                "True"
            ],
            [
                0.039805296720278126,
                0.04061139282947098,
                0.03232531958026121,
                0.04889746607868081,
                "True"
            ],
            [
                0.039805296720278126,
                0.039489535850886284,
                0.031804259985807506,
                0.04717481171596499,
                "True"
            ]
        ]
    },
    "test 2": {
        "params": [
            {
                "S": 2.0,
                "vol": 0.3,
                "r": 0.03,
                "T": 0.0821917808219178,
                "mu": 0.6919143038476165,
                "sigma": 0.08600732686214937,
                "mean": 2.004937591789559,
                "std": 0.1727587094262651,
                "low": 1.4866614635107638,
                "high": 2.5232137200683544
            },
            {
                "S": 2.0,
                "vol": 0.3,
                "r": 0.03,
                "T": 0.1095890410958904,
                "mu": 0.691503344943507,
                "sigma": 0.09931270663228416,
                "mean": 2.006586163102872,
                "std": 0.1997718882337192,
                "low": 1.4072704984017146,
                "high": 2.6059018278040296
            }
        ],
        "covariance": [
            [
                0.012923004994019069,
                0.02273765499247373
            ],
            [
                0.02273765499247373,
                0.05393219769671169
            ]
        ],
        "test_params": {
            "epsilon": 0.01,
            "alpha": 0.01
        },
        "results": [
            [
                0.5238276370483063,
                0.5092293829632347,
                0.4885028270421575,
                0.529955938884312,
                "True"
            ],
            [
                0.5238276370483063,
                0.5032073151490982,
                0.48349963148649233,
                0.5229149988117038,
                "False"
            ],
            [
                0.5238276370483063,
                0.4876080859132347,
                0.44915283421204993,
                0.5260633376144191,
                "True"
            ]
        ]
    },
    "test 3": {
        "params": [
            {
                "S": 2.0,
                "vol": 0.3,
                "r": 0.03,
                "T": 0.0821917808219178,
                "mu": 0.6919143038476165,
                "sigma": 0.08600732686214937,
                "mean": 2.004937591789559,
                "std": 0.1727587094262651,
                "low": 1.4866614635107638,
                "high": 2.5232137200683544
            },
            {
                "S": 2.0,
                "vol": 0.3,
                "r": 0.03,
                "T": 0.1095890410958904,
                "mu": 0.691503344943507,
                "sigma": 0.09931270663228416,
                "mean": 2.006586163102872,
                "std": 0.1997718882337192,
                "low": 1.4072704984017146,
                "high": 2.6059018278040296
            }
        ],
        "covariance": [
            [
                0.012923004994019069,
                0.02273765499247373
            ],
            [
                0.02273765499247373,
                0.05393219769671169
            ]
        ],
        "test_params": {
            "epsilon": 0.01,
            "alpha": 0.01
        },
        "results": [
            [
                0.026685842511339507,
                0.017633974289734317,
                0.009975984708555149,
                0.02529196387091343,
                "False"
            ],
            [
                0.026685842511339507,
                0.018100360561430086,
                0.010440730379274819,
                0.02575999074358541,
                "False"
            ],
            [
                0.026685842511339507,
                0.015180817821966707,
                0.0066215945732760574,
                0.023740041070657306,
                "False"
            ]
        ]
    },
    "test 4": {
        "params": [
            {
                "S": 2.0,
                "vol": 0.3,
                "r": 0.03,
                "T": 0.1095890410958904,
                "mu": 0.691503344943507,
                "sigma": 0.09931270663228416,
                "mean": 2.006586163102872,
                "std": 0.1997718882337192,
                "low": 1.4072704984017146,
                "high": 2.6059018278040296
            },
            {
                "S": 2.0,
                "vol": 0.3,
                "r": 0.03,
                "T": 0.0821917808219178,
                "mu": 0.6919143038476165,