{
    "test 0": {
        "params": [
            {
                "S": 2.0,
                "vol": 0.3,
                "r": 0.03,
                "T": 0.0821917808219178,
                "mu": 0.6919143038476165,
                "sigma": 0.08600732686214937,
                "mean": 2.004937591789559,
                "std": 0.1727587094262651,
                "low": 1.4866614635107638,
                "high": 2.5232137200683544
            },
            {
                "S": 2.0,
                "vol": 0.3,
                "r": 0.03,
                "T": 0.0821917808219178,
                "mu": 0.6919143038476165,
                "sigma": 0.08600732686214937,
                "mean": 2.004937591789559,
                "std": 0.1727587094262651,
                "low": 1.4866614635107638,
                "high": 2.5232137200683544
            }
        ],
        "covariance": [
            [
                0.06814284358368233,
                -0.04691584020430224
            ],
            [
                -0.04691584020430224,
                0.033307908201619725
            ]
        ],
        "test_params": {
            "epsilon": 0.01,
            "alpha": 0.01
        },
        "results": [
            [
                0.015777500933285647,
                0.015125798007450314,
                0.0087249299941395,
                0.021526666020761174,
                "True"
            ],
            [
                0.015777500933285647,
                0.01709731005572077,
                0.010688957931396261,
                0.02350566218004528,
                "True"
            ],
            [
                0.015777500933285647,
                0.012801143726289361,
                0.006407936462538479,
                0.019194350990040243,
                "True"
            ]
        ]
    },
    "test 1": {
        "params": [
            {
                "S": 2.0,
                "vol": 0.3,
                "r": 0.03,
                "T": 0.0821917808219178,
                "mu": 0.6919143038476165,
                "sigma": 0.08600732686214937,
                "mean": 2.004937591789559,
                "std": 0.1727587094262651,
                "low": 1.4866614635107638,
                "high": 2.5232137200683544
            },
            {
                "S": 2.0,
                "vol": 0.3,
                "r": 0.03,
                "T": 0.0821917808219178,
                "mu": 0.6919143038476165,
                "sigma": 0.08600732686214937,
                "mean": 2.004937591789559,
                "std": 0.1727587094262651,
                "low": 1.4866614635107638,
                "high": 2.5232137200683544
            }
        ],
        "covariance": [
            [
                0.06814284358368233,
                -0.04691584020430224
            ],
            [
                -0.04691584020430224,
                0.033307908201619725
            ]
        ],
        "test_params": {
            "epsilon": 0.01,
            "alpha": 0.01
        },
        "results": [
            [
                0.743347752664985,
                0.7436494547124227,
                0.7237111343961156,
                0.7635877750287299,
                "True"
            ],
            [
                0.743347752664985,
                0.7351421567804514,
                0.7120194346697902,
                0.7582648788911119,
                "True"
            ],
            [
                0.743347752664985,
                0.7465675538749204,
                0.7274690789010082,
                0.7656660288488318,
                "True"
            ]
        ]
    },
    "test 2": {
        "params": [
            {
                "S": 2.0,
                "vol": 0.3,
                "r": 0.03,
                "T": 0.0821917808219178,
                "mu": 0.6919143038476165,
                "sigma": 0.08600732686214937,
                "mean": 2.004937591789559,
                "std": 0.1727587094262651,
                "low": 1.4866614635107638,
                "high": 2.5232137200683544
            },
            {
                "S": 2.0,
                "vol": 0.3,
                "r": 0.03,
                "T": 0.1095890410958904,
                "mu": 0.691503344943507,
                "sigma": 0.09931270663228416,
                "mean": 2.006586163102872,
                "std": 0.1997718882337192,
                "low": 1.4072704984017146,
                "high": 2.6059018278040296
            }
        ],
        "covariance": [
            [
                0.3407849991251884,
                0.050017616858611655
            ],
            [
                0.050017616858611655,
                0.015301934269091936
            ]
        ],
        "test_params": {
            "epsilon": 0.01,
            "alpha": 0.01
        },
        "results": [
            [
                0.009308245844727472,
                0.009338506336738155,
                0.007469937895984743,
                0.011207074777491582,
                "True"
            ],
            [
                0.009308245844727472,
                0.011387311046657824,
                0.008401927728336672,
                0.014372694364978959,
                "True"
            ],
            [
                0.009308245844727472,
                0.009437098093102,
                0.0070393682258221785,
                0.011834827960381801,
                "True"
            ]
        ]
    },
    "test 3": {
        "params": [
            {
                "S": 2.0,
                "vol": 0.3,
                "r": 0.03,
                "T": 0.0821917808219178,
                "mu": 0.6919143038476165,
                "sigma": 0.08600732686214937,
                "mean": 2.004937591789559,
                "std": 0.1727587094262651,
                "low": 1.4866614635107638,
                "high": 2.5232137200683544
            },
            {
                "S": 2.0,
                "vol": 0.3,
                "r": 0.03,
                "T": 0.1095890410958904,
                "mu": 0.691503344943507,
                "sigma": 0.09931270663228416,
                "mean": 2.006586163102872,
                "std": 0.1997718882337192,
                "low": 1.4072704984017146,
                "high": 2.6059018278040296
            }
        ],
        "covariance": [
            [
                0.3407849991251884,
                0.050017616858611655
            ],
            [
                0.050017616858611655,
                0.015301934269091936
            ]
        ],
        "test_params": {
            "epsilon": 0.01,
            "alpha": 0.01
        },
        "results": [
            [
                0.6898574632269224,
                0.681617804635064,
                0.6670641656444928,
                0.6961714436256359,
                "True"
            ],
            [
                0.6898574632269224,
                0.6878732651428476,
                0.6710744298513416,
                0.7046721004343536,
                "True"
            ],
            [
                0.6898574632269224,
                0.6985229831081792,
                0.6776155779867876,
                0.7194303882295707,
                "True"
            ]
        ]
    },
    "test 4": {
        "params": [
            {
                "S": 2.0,
                "vol": 0.3,
                "r": 0.03,
                "T": 0.1095890410958904,
                "mu": 0.691503344943507,
                "sigma": 0.09931270663228416,
                "mean": 2.006586163102872,
                "std": 0.1997718882337192,
                "low": 1.4072704984017146,
                "high": 2.6059018278040296
            },
            {
                "S": 2.0,
                "vol": 0.3,
                "r": 0.03,
                "T": 0.0821917808219178,
                "mu": 0.6919143038476165,