{"test 0": {"params": [{"S": 2.0, "vol": 0.3, "r": 0.03, "T": 0.0821917808219178, "mu": 0.6919143038476165, "sigma": 0.08600732686214937, "mean": 2.004937591789559, "std": 0.1727587094262651, "low": 1.4866614635107638, "high": 2.5232137200683544}], "test_params": {"epsilon": 0.01, "alpha": 0.01}, "results": [0.3629653821505646, 0.3626438615594257, 0.3274802270417894, 0.3978074960770622, "True"]}, "test 1": {"params": [{"S": 2.0, "vol": 0.3, "r": 0.03, "T": 0.0821917808219178, "mu": 0.6919143038476165, "sigma": 0.08600732686214937, "mean": 2.004937591789559, "std": 0.1727587094262651, "low": 1.4866614635107638, "high": 2.5232137200683544}], "test_params": {"epsilon": 0.01, "alpha": 0.01}, "results": [0.024884708440264733, 0.021072609492259958, 0.01022378827292073, 0.03192143071159926, "True"]}, "test 2": {"params": [{"S": 2.0, "vol": 0.3, "r": 0.03, "T": 0.1095890410958904, "mu": 0.691503344943507, "sigma": 0.09931270663228416, "mean": 2.006586163102872, "std": 0.1997718882337192, "low": 1.4072704984017146, "high": 2.6059018278040296}], "test_params": {"epsilon": 0.01, "alpha": 0.01}, "results": [0.4463532526364221, 0.4508869979683422, 0.4182810552269599, 0.4834929407097245, "True"]}, "test 3": {"params": [{"S": 2.0, "vol": 0.3, "r": 0.03, "T": 0.1095890410958904, "mu": 0.691503344943507, "sigma": 0.09931270663228416, "mean": 2.006586163102872, "std": 0.1997718882337192, "low": 1.4072704984017146, "high": 2.6059018278040296}], "test_params": {"epsilon": 0.01, "alpha": 0.01}, "results": [0.02373888860408517, 0.024686929909204628, 0.012136344820163163, 0.03723751499824602, "True"]}}