{"0.01": [[0.03061682339031837, 0.017797173537657238, 0.01743321345141532, 0.018161133623899154], [0.03061682339031837, 0.017975579638984593, 0.017611571942911106, 0.018339587335058027]], "0.03": [[0.024989066712248195, 0.014950782968420465, 0.014555476478081752, 0.01534608945875918], [0.024989066712248195, 0.015130689033946135, 0.014758090964261365, 0.015503287103630954]]}