{"0.01": [[0.03061682339031837, 0.015840321346420477, 0.015463564345414377, 0.01621707834742657], [0.03061682339031837, 0.015946374517976127, 0.015569578312437675, 0.016323170723514576]], "0.03": [[0.024989066712248195, 0.009952244549780925, 0.009602515441189407, 0.010301973658372442], [0.024989066712248195, 0.010336935160344717, 0.00996600322162608, 0.010707867099063314]]}