{
    "0.01": [
        [
            0.03061682339031837, 0.044569688433532095, 0.0442096657615171,
            0.04492971110554704
        ],
        [
            0.03061682339031837, 0.044455089263194435, 0.04407759482029368,
            0.04483258370609519
        ]
    ],
    "0.03": [
        [
            0.024989066712248195, 0.030506157475625465, 0.03013441184304648,
            0.030877903108204503
        ],
        [
            0.024989066712248195, 0.03048734722227529, 0.030095467716103944,
            0.03087922672844658
        ]
    ]
}
