{
    "0.01": {
        "results": [
            [
                0.03061682339031837, 0.03134764117194522, 0.030221352757661232,
                0.03247392958622871
            ],
            [
                0.03061682339031837, 0.031181311707714893, 0.030355416785581468,
                0.032007206629848815
            ],
            [
                0.03061682339031837, 0.030787156626797246, 0.03003390572723884,
                0.03154040752635614
            ],
            [
                0.03061682339031837, 0.031221693719103296, 0.030095388986209098,
                0.03234799845199749
            ],
            [
                0.03061682339031837, 0.030600275331788843, 0.029847025828030532,
                0.03135352483554716
            ],
            [
                0.03061682339031837, 0.03111073731688194, 0.030340578952640973,
                0.03188089568112291
            ],
            [
                0.03061682339031837, 0.03100695863333825, 0.03026986195946219,
                0.03174405530721431
            ],
            [
                0.03061682339031837, 0.030997346477772716, 0.030275699291762825,
                0.03171899366378212
            ],
            [
                0.03061682339031837, 0.030931042770436176, 0.0301246274236263,
                0.03173745811724655
            ],
            [
                0.03061682339031837, 0.03109806189773078, 0.03039119331376432,
                0.03180493048169724
            ]
        ]
    },
    "0.025": {
        "results": [
            [
                0.026396005881765737, 0.026302626192106836, 0.02551374146800513,
                0.027091510916208063
            ],
            [
                0.026396005881765737, 0.02698704577428599, 0.02623360316014187,
                0.027740488388429633
            ],
            [
                0.026396005881765737, 0.02610612185207362, 0.025278198287025235,
                0.02693404541712152
            ],
            [
                0.026396005881765737, 0.02639615953608908, 0.025293586708182023,
                0.027498732363996137
            ],
            [
                0.026396005881765737, 0.026708878300906562,
                0.026017283252310477, 0.02740047334950217
            ],
            [
                0.026396005881765737, 0.026522705248749785,
                0.025673719240275814, 0.02737169125722423
            ],
            [
                0.026396005881765737, 0.026593767608875687,
                0.025823021218156068, 0.027364513999594834
            ],
            [
                0.026396005881765737, 0.026418929437849032, 0.0256654922112793,
                0.02717236666441828
            ],
            [
                0.026396005881765737, 0.027009445983259682, 0.02630342098550748,
                0.02771547098101236
            ],
            [
                0.026396005881765737, 0.026840086765041873, 0.02610317230195932,
                0.027577001228124422
            ]
        ]
    },
    "0.05": {
        "results": [
            [
                0.019361310034178018, 0.01941246159504134, 0.018652770432827894,
                0.020172152757254327
            ],
            [
                0.019361310034178018, 0.019618676874511437, 0.01887643731987698,
                0.020360916429145896
            ],
            [
                0.019361310034178018, 0.019556570227290425, 0.01884687259570918,
                0.02026626785887167
            ],
            [
                0.019361310034178018, 0.019365016147459106,
                0.018655318983833238, 0.020074713311084513
            ],
            [
                0.019361310034178018, 0.020096619207711677, 0.01937102519587829,
                0.020822213219545065
            ],
            [
                0.019361310034178018, 0.019281839336250835, 0.01852214994191944,
                0.02004152873058269
            ],
            [
                0.019361310034178018, 0.019882347637639738, 0.0191726491564294,
                0.02059204611885007
            ],
            [
                0.019361310034178018, 0.019696743066951537, 0.01897115183973209,
                0.020422334294171444
            ],
            [
                0.019361310034178018, 0.019757540157265104, 0.01899784429544955,
                0.020517236019080662
            ],
            [
                0.019361310034178018, 0.019741848088066144,
                0.018999607251142043, 0.020484088924990245
            ]
        ]
    },
    "0.075": {
        "results": [
            [
                0.012326614186590298, 0.012272261740905581,
                0.011541753378757251, 0.01300277010305391
            ],
            [
                0.012326614186590298, 0.01265246300172791, 0.01192195037265662,
                0.013382975630799201
            ],
            [
                0.012326614186590298, 0.012482908347787865,
                0.011734803183466508, 0.013231013512109223
            ],
            [
                0.012326614186590298, 0.012446239520070568,
                0.011732493101397417, 0.013159985938743719
            ],
            [
                0.012326614186590298, 0.012493484901816525, 0.01182552966288202,
                0.013161440140751471
            ],
            [
                0.012326614186590298, 0.012825481800922318,
                0.012157530133943481, 0.013493433467900712
            ],
            [
                0.012326614186590298, 0.012611525464491928, 0.0118449325888367,
                0.013378118340147157
            ],
            [
                0.012326614186590298, 0.012541790686613713,
                0.011900893009837937, 0.013182688363389932
            ],
            [
                0.012326614186590298, 0.012337413731778947,
                0.011623668137558982, 0.013051159325998913
            ],
            [
                0.012326614186590298, 0.012779266212859871,
                0.012096758664672216, 0.013461773761047523
            ]
        ]
    },
    "0.1": {
        "results": [
            [
                0.005291918339002577, 0.005616596798217477,
                0.004915249695316125, 0.006317943901118828
            ],
            [
                0.005291918339002577, 0.0057866678792594375,
                0.005085319329477594, 0.006488016429040855
            ],
            [
                0.005291918339002577, 0.005489353105475256,
                0.004734761376746054, 0.006243944834204458
            ],
            [
                0.005291918339002577, 0.005985939414724263,
                0.005267716329831521, 0.006704162499617007
            ],
            [
                0.005291918339002577, 0.005618120229321558,
                0.004932844062446517, 0.006303396396197025
            ],
            [
                0.005291918339002577, 0.005757722913003826,
                0.005021774544246637, 0.00649367128176144
            ],
            [
                0.005291918339002577, 0.005707026239411149,
                0.0050217497089563275, 0.006392302769865546
            ],
            [
                0.005291918339002577, 0.005646299249610478,
                0.004976340343965926, 0.00631625815525503
            ],
            [
                0.005291918339002577, 0.005546549279188763,
                0.004861273401325341, 0.006231825157051759
            ],
            [
                0.005291918339002577, 0.005714062644762817,
                0.004959466640594083, 0.006468658648931125
            ]
        ]
    },