{"mapped strike price": 11.270023062886406, "0.01": [[0.03061682339031837, 0.0446653416889837, 0.0442877872091675, 0.04504289616879985], [0.03061682339031837, 0.04451152636734408, 0.04404233321646068, 0.04498071951822753], [0.03061682339031837, 0.04465835986890279, 0.044159044925590085, 0.04515767481221544], [0.03061682339031837, 0.04483658022777467, 0.044337201355233787, 0.04533595910031556], [0.03061682339031837, 0.04437483363908861, 0.043905676878685046, 0.044843990399492176], [0.03061682339031837, 0.0447561091151108, 0.044396046960208345, 0.045116171270013196], [0.03061682339031837, 0.04452054021447215, 0.044021274621856316, 0.04501980580708791], [0.03061682339031837, 0.044740819766521285, 0.04436324365096886, 0.04511839588207368], [0.03061682339031837, 0.04473881666566301, 0.044239472877454104, 0.04523816045387187], [0.03061682339031837, 0.044735942381827785, 0.04423659962453371, 0.04523528513912188], [0.03061682339031837, 0.044533200276333555, 0.04406400133724209, 0.04500239921542502], [0.03061682339031837, 0.044705220801174096, 0.04426152746033408, 0.04514891414201406], [0.03061682339031837, 0.044384709310218484, 0.043940982100847764, 0.04482843651958915], [0.03061682339031837, 0.044468119193131525, 0.04399893761967271, 0.04493730076659034], [0.03061682339031837, 0.04449706690449485, 0.04411956050199817, 0.04487457330699151], [0.03061682339031837, 0.044479387798973834, 0.04410188643495334, 0.044856889162994296], [0.03061682339031837, 0.044621000864658006, 0.04424345907446933, 0.04499854265484667], [0.03061682339031837, 0.04453179779105926, 0.044171783097805555, 0.04489181248431301], [0.03061682339031837, 0.04445454601259715, 0.043955304024782704, 0.044953788000411554], [0.03061682339031837, 0.04467643354771649, 0.044298875891207665, 0.04505399120422528]], "0.025": [[0.026396005881765737, 0.034036406460722576, 0.03356059525938982, 0.034512217662055394], [0.026396005881765737, 0.034125095450102186, 0.03376525887554681, 0.03448493202465752], [0.026396005881765737, 0.034063617456009346, 0.03368557673443993, 0.03444165817757876], [0.026396005881765737, 0.03409706364954078, 0.03362123373739679, 0.03457289356168472], [0.026396005881765737, 0.03397914701965893, 0.03360113162647545, 0.0343571624128424], [0.026396005881765737, 0.03419606138114259, 0.033797244575296585, 0.03459487818698864], [0.026396005881765737, 0.03411344165638679, 0.033735385973727244, 0.034491497339046336], [0.026396005881765737, 0.034240088747547824, 0.03376421456106829, 0.03471596293402735], [0.026396005881765737, 0.034207758092815205, 0.03380893649583906, 0.034606579689791354], [0.026396005881765737, 0.03431469137081055, 0.03380618278266869, 0.0348231999589524], [0.026396005881765737, 0.034070925770984854, 0.03367216004584774, 0.03446969149612197], [0.026396005881765737, 0.03413529047868789, 0.03365944875442781, 0.03461113220294801], [0.026396005881765737, 0.03400441621198646, 0.033528614862506016, 0.03448021756146696], [0.026396005881765737, 0.03415119955029664, 0.03367535290552488, 0.034627046195068414], [0.026396005881765737, 0.034251669541522464, 0.03382718387954698, 0.034676155203497934], [0.026396005881765737, 0.034262258168363584, 0.03378637709996218, 0.03473813923676503], [0.026396005881765737, 0.03389909466054225, 0.03339075660856987, 0.03440743271251457], [0.026396005881765737, 0.03426729849387524, 0.03388919651133118, 0.03464540047641931], [0.026396005881765737, 0.03408094683252325, 0.033702900909128024, 0.03445899275591843], [0.026396005881765737, 0.034167606891713345, 0.033789534926462104, 0.03454567885696457]], "0.05": [[0.019361310034178018, 0.018032680066790173, 0.017646328493583725, 0.018419031639996662], [0.019361310034178018, 0.01798421289405615, 0.017618530485844216, 0.01834989530226809], [0.019361310034178018, 0.018139090725630257, 0.017773366709667355, 0.018504814741593153], [0.019361310034178018, 0.018131606874674543, 0.017800734562976712, 0.01846247918637237], [0.019361310034178018, 0.018041566232478087, 0.017655211285539586, 0.01842792117941654], [0.019361310034178018, 0.018244437947349118, 0.017834087104166063, 0.018654788790532173], [0.019361310034178018, 0.018134914025763924, 0.017748523610712035, 0.018521304440815768], [0.019361310034178018, 0.018268414369577806, 0.017881973142228096, 0.018654855596927523], [0.019361310034178018, 0.018054896785010405, 0.017668536776124216, 0.018441256793896642], [0.019361310034178018, 0.018257282352653885, 0.01787084536629729, 0.018643719339010437], [0.019361310034178018, 0.018070451097685906, 0.01768408518113678, 0.018456817014235034], [0.019361310034178018, 0.018154489863114468, 0.017788761685345586, 0.01852021804088335], [0.019361310034178018, 0.017959394935120446, 0.017573071168087335, 0.018345718702153513], [0.019361310034178018, 0.018041566232478087, 0.017655211285539586, 0.01842792117941654], [0.019361310034178018, 0.018008246644230213, 0.017621904345098395, 0.018394588943362072], [0.019361310034178018, 0.018064120158748077, 0.017653865609747774, 0.01847437470774838], [0.019361310034178018, 0.01810156631058823, 0.017715188572012795, 0.018487944049163672], [0.019361310034178018, 0.017965794938250436, 0.017464976306298872, 0.018466613570201997], [0.019361310034178018, 0.018067016974997036, 0.017701312378612017, 0.018432721571382052], [0.019361310034178018, 0.018010467652473196, 0.017624124510466226, 0.018396810794480172]], "0.075": [[0.012326614186590298, 0.010967921633314361, 0.010613362926104297, 0.011322480340524424], [0.012326614186590298, 0.011117809347262309, 0.010763200128777874, 0.011472418565746743], [0.012326614186590298, 0.010977036801446082, 0.010622475030259553, 0.01133159857263261], [0.012326614186590298, 0.011256332124829465, 0.010880242632876553, 0.01163242161678238], [0.012326614186590298, 0.010956521930157328, 0.010601967053410082, 0.011311076806904578], [0.012326614186590298, 0.010982296585041375, 0.01060632818857759, 0.011358264981505163], [0.012326614186590298, 0.011214892380132818, 0.010860250302806754, 0.011569534457458838], [0.012326614186590298, 0.011007581798477767, 0.010704910759070067, 0.011310252837885509], [0.012326614186590298, 0.011115546333043015, 0.010760937879182537, 0.011470154786903454], [0.012326614186590298, 0.011120072119307064, 0.01076546213621986, 0.011474682102394315], [0.012326614186590298, 0.01120587988599055, 0.010851240863663396, 0.01156051890831766], [0.012326614186590298, 0.011040519652869134, 0.010664525573313977, 0.011416513732424251], [0.012326614186590298, 0.011209007563750225, 0.010832939023642912, 0.011585076103857544], [0.012326614186590298, 0.011148258108573469, 0.010772216439597491, 0.011524299777549447], [0.012326614186590298, 0.011072502793601514, 0.010717908871652707, 0.011427096715550325], [0.012326614186590298, 0.011067060628940875, 0.010764366876125798, 0.011369754381755998], [0.012326614186590298, 0.011063217305410883, 0.010760525021815119, 0.011365909589006644], [0.012326614186590298, 0.011045271720498302, 0.010690686980587887, 0.01139985646040872], [0.012326614186590298, 0.010850514114182525, 0.010474603760496904, 0.011226424467868102], [0.012326614186590298, 0.011067423560739996, 0.010691417605257537, 0.011443429516222493]],