{"0.01": [[0.03061682339031837, 0.04451480048808381, 0.044015536949133134, 0.04501406402703444], [0.03061682339031837, 0.044424504902099045, 0.04406451271514455, 0.04478449708905358], [0.03061682339031837, 0.04478750222796248, 0.04440991270860808, 0.04516509174731694], [0.03061682339031837, 0.04454557654335879, 0.04407637429687438, 0.045014778789843155], [0.03061682339031837, 0.04481069435270706, 0.04431132477352792, 0.045310063931886274], [0.03061682339031837, 0.044860961462326064, 0.04448335081601532, 0.045238572108636806], [0.03061682339031837, 0.044287428200437254, 0.04381829460371082, 0.0447565617971637], [0.03061682339031837, 0.04453202030863963, 0.04403275060807491, 0.045031290009204285], [0.03061682339031837, 0.0445922018681533, 0.04421466831164017, 0.0449697354246664], [0.03061682339031837, 0.044747485677299054, 0.044369907648829816, 0.04512506370576825], [0.03061682339031837, 0.04461878493127579, 0.04424124377485274, 0.04499632608769884], [0.03061682339031837, 0.044869874166123924, 0.04449226095359726, 0.04524748737865057], [0.03061682339031837, 0.04467643354771649, 0.044298875891207665, 0.04505399120422528], [0.03061682339031837, 0.044629636655788334, 0.044130332003928276, 0.04512894130764833], [0.03061682339031837, 0.044622784213412675, 0.04415356129835425, 0.045092007128471105], [0.03061682339031837, 0.04448363087956157, 0.04401444517115628, 0.04495281658796682], [0.03061682339031837, 0.04478527813170196, 0.044407689251334766, 0.04516286701206917], [0.03061682339031837, 0.04448610502533146, 0.04398685175162796, 0.044985358299034904], [0.03061682339031837, 0.04467514534775209, 0.04420590838075334, 0.04514438231475083], [0.03061682339031837, 0.0446135323109242, 0.0441443118758499, 0.04508275274599855]], "0.025": [[0.026396005881765737, 0.03409394440007377, 0.03371589457389051, 0.034471994226257074], [0.026396005881765737, 0.03414063357772625, 0.0337418394372387, 0.03453942771821381], [0.026396005881765737, 0.03425909239133084, 0.03378321230597496, 0.03473497247668672], [0.026396005881765737, 0.03427491701226299, 0.03379903201196683, 0.03475080201255909], [0.026396005881765737, 0.03408744555752796, 0.03370939768289114, 0.034465493432164776], [0.026396005881765737, 0.03406145133933254, 0.033683411267840045, 0.034439491410825036], [0.026396005881765737, 0.034086245482763004, 0.03357783070964088, 0.034594660255885076], [0.026396005881765737, 0.03411154748108958, 0.03371276520911935, 0.0345103297530598], [0.026396005881765737, 0.03409992956377143, 0.033701152027649325, 0.03449870709989359], [0.026396005881765737, 0.034195776747749346, 0.03381769630695635, 0.03457385718854229], [0.026396005881765737, 0.03408744555752796, 0.03370939768289114, 0.034465493432164776], [0.026396005881765737, 0.03416110655322018, 0.03378303654302335, 0.03453917656341707], [0.026396005881765737, 0.033826688761677284, 0.03342802183800039, 0.03422535568535418], [0.026396005881765737, 0.03412210746651627, 0.033744049180090066, 0.03450016575294243], [0.026396005881765737, 0.03426729849387524, 0.03388919651133118, 0.03464540047641931], [0.026396005881765737, 0.0340137996597702, 0.03363577388152877, 0.03439182543801168], [0.026396005881765737, 0.0339723803673949, 0.03349658887254553, 0.03444817186224422], [0.026396005881765737, 0.03403960299221511, 0.03356379080585043, 0.03451541517857979], [0.026396005881765737, 0.034150637207394856, 0.033642196009249274, 0.034659078405540444], [0.026396005881765737, 0.03400141235989903, 0.03349303237852251, 0.034509792341275596]], "0.05": [[0.019361310034178018, 0.01833300648747568, 0.01794654063796213, 0.01871947233698919], [0.019361310034178018, 0.018002366470416344, 0.017636679209148538, 0.018368053731684104], [0.019361310034178018, 0.017912781842661693, 0.017526475745717696, 0.018299087939605736], [0.019361310034178018, 0.01816218350876726, 0.017796453250042605, 0.018527913767491914], [0.019361310034178018, 0.017823687738684927, 0.017413560011387837, 0.018233815465982062], [0.019361310034178018, 0.01810156631058823, 0.017715188572012795, 0.018487944049163672], [0.019361310034178018, 0.017986316170231977, 0.017485488067138726, 0.018487144273325273], [0.019361310034178018, 0.018157054849521383, 0.01779132597810422, 0.018522783720938504], [0.019361310034178018, 0.01826173500164604, 0.01787529631903934, 0.018648173684252735], [0.019361310034178018, 0.01803934462617698, 0.017652990522738842, 0.018425698729615123], [0.019361310034178018, 0.017928317631070903, 0.017542005646205745, 0.018314629615936114], [0.019361310034178018, 0.018074895587032236, 0.017688527982170528, 0.01846126319189394], [0.019361310034178018, 0.018177169773063783, 0.017790763286051118, 0.018563576260076497], [0.019361310034178018, 0.0179682755947509, 0.017581948459823304, 0.01835460272967845], [0.019361310034178018, 0.018190359954652464, 0.017824622065483197, 0.018556097843821732], [0.019361310034178018, 0.018056487400810072, 0.017741946851950116, 0.018371027949670028], [0.019361310034178018, 0.01817494535067183, 0.017788539709976386, 0.018561350991367274], [0.019361310034178018, 0.01802601589475373, 0.0176396668513757, 0.01841236493813171], [0.019361310034178018, 0.017933261221047214, 0.017523075912251305, 0.018343446529843124], [0.019361310034178018, 0.01803045863319464, 0.017644107903309038, 0.018416809363080194]], "0.075": [[0.012326614186590298, 0.011122049483308152, 0.010833467330343995, 0.011410631636272263], [0.012326614186590298, 0.011186622680638686, 0.010883883112756605, 0.011489362248520768], [0.012326614186590298, 0.011078595595467491, 0.010775897431785938, 0.01138129375914905], [0.012326614186590298, 0.010972479726924255, 0.010617919487682259, 0.011327039966166252], [0.012326614186590298, 0.011024824961128877, 0.010670247109785553, 0.011379402812472158], [0.012326614186590298, 0.011052082828808728, 0.010697495793098082, 0.011406669864519372], [0.012326614186590298, 0.010842168401635741, 0.010487651859797394, 0.011196684943474049], [0.012326614186590298, 0.010950984071783805, 0.010575029477783994, 0.011326938665783616], [0.012326614186590298, 0.011178819814157295, 0.010824189958833235, 0.011533449669481315], [0.012326614186590298, 0.011103327096965659, 0.010727305284806048, 0.011479348909125314], [0.012326614186590298, 0.011179356857977439, 0.010859738320851211, 0.01149897539510371], [0.012326614186590298, 0.011078871340581933, 0.010790301581427807, 0.011367441099736057], [0.012326614186590298, 0.011078639509943136, 0.010702628601974927, 0.0114546504179113], [0.012326614186590298, 0.011136383943657601, 0.010833663652716147, 0.011439104234599014], [0.012326614186590298, 0.011081571927968962, 0.010726974946028483, 0.011436168909909443], [0.012326614186590298, 0.01103250050832342, 0.010729819959357626, 0.011335181057289177], [0.012326614186590298, 0.010986523550490585, 0.01068386054043017, 0.011289186560551], [0.012326614186590298, 0.011246406694908907, 0.010891753927705894, 0.011601059462111922], [0.012326614186590298, 0.01117205416284619, 0.01088345763022894, 0.011460650695463441], [0.012326614186590298, 0.011080599742636844, 0.010792029487771837, 0.011369169997501894]],