{"test 0": {"params": [{"S": 2.0, "vol": 0.3, "r": 0.03, "T": 0.0821917808219178, "mu": 0.6919143038476165, "sigma": 0.08600732686214937, "mean": 2.004937591789559, "std": 0.1727587094262651, "low": 1.4866614635107638, "high": 2.5232137200683544}], "test_params": {"epsilon": 0.003, "alpha": 0.01}, "results": [[0.3629653821505646, 0.3649907318616946, 0.35762478314331686, 0.37235668058007243, "True", 15700], [0.3629653821505646, 0.36444863681429795, 0.3562479762434505, 0.37264929738514535, "True", 13300], [0.3629653821505646, 0.36510691547912116, 0.3485925509127194, 0.381621280045523, "True", 6600], [0.3629653821505646, 0.3692718047798955, 0.3595630660002201, 0.37898054355957034, "True", 12300], [0.3629653821505646, 0.37770524662560856, 0.3495364181264038, 0.4058740751248133, "True", 5700]]}, "test 1": {"params": [{"S": 2.0, "vol": 0.3, "r": 0.03, "T": 0.0821917808219178, "mu": 0.6919143038476165, "sigma": 0.08600732686214937, "mean": 2.004937591789559, "std": 0.1727587094262651, "low": 1.4866614635107638, "high": 2.5232137200683544}], "test_params": {"epsilon": 0.003, "alpha": 0.01}, "results": [[0.1336573428041825, 0.12992548164324502, 0.11485661303158626, 0.14499435025490343, "True", 4700], [0.1336573428041825, 0.13746801559748817, 0.12418869319642624, 0.15074733799854975, "True", 6100], [0.1336573428041825, 0.13315824588056244, 0.11848920016356243, 0.14782729159756247, "True", 5500], [0.1336573428041825, 0.13467703513321663, 0.12073837742726862, 0.14861569283916465, "True", 5600], [0.1336573428041825, 0.13626633998386697, 0.12328442228237659, 0.1492482576853577, "True", 6100]]}, "test 2": {"params": [{"S": 2.0, "vol": 0.3, "r": 0.03, "T": 0.0821917808219178, "mu": 0.6919143038476165, "sigma": 0.08600732686214937, "mean": 2.004937591789559, "std": 0.1727587094262651, "low": 1.4866614635107638, "high": 2.5232137200683544}], "test_params": {"epsilon": 0.003, "alpha": 0.01}, "results": [[0.024884708440264733, 0.025417779559005985, 0.022634647063441114, 0.02820091205457069, "True", 11600], [0.024884708440264733, 0.024911263462189207, 0.022730649364957285, 0.027091877559421124, "True", 14100], [0.024884708440264733, 0.023689069301184237, 0.020875504770023, 0.026502633832345312, "True", 11200], [0.024884708440264733, 0.026704352138573122, 0.01869050561949483, 0.03471819865765125, "True", 4200], [0.024884708440264733, 0.025773671213422288, 0.0232919729792957, 0.028255369447548712, "True", 13800]]}, "test 3": {"params": [{"S": 2.0, "vol": 0.3, "r": 0.03, "T": 0.1095890410958904, "mu": 0.691503344943507, "sigma": 0.09931270663228416, "mean": 2.006586163102872, "std": 0.1997718882337192, "low": 1.4072704984017146, "high": 2.6059018278040296}], "test_params": {"epsilon": 0.003, "alpha": 0.01}, "results": [[0.4463532526364221, 0.4567228024785604, 0.42841133226740713, 0.48503427268971366, "True", 6800], [0.4463532526364221, 0.44695053413230174, 0.4383340577600185, 0.4555670105045843, "True", 16100], [0.4463532526364221, 0.4506622675727967, 0.442117224808, 0.4592073103375941, "True", 16100], [0.4463532526364221, 0.44410741020618333, 0.4231517083402851, 0.46506311207208156, "True", 7100], [0.4463532526364221, 0.45074363264580963, 0.42126941421659964, 0.4802178510750196, "True", 5500]]}, "test 4": {"params": [{"S": 2.0, "vol": 0.3, "r": 0.03, "T": 0.1095890410958904, "mu": 0.691503344943507, "sigma": 0.09931270663228416, "mean": 2.006586163102872, "std": 0.1997718882337192, "low": 1.4072704984017146, "high": 2.6059018278040296}], "test_params": {"epsilon": 0.003, "alpha": 0.01}, "results": [[0.15281743966718153, 0.14666267159448645, 0.13090294338340258, 0.16242239980557072, "True", 5800], [0.15281743966718153, 0.15140912682334284, 0.13566511578438484, 0.16715313786230085, "True", 5400], [0.15281743966718153, 0.15343060898394004, 0.13805781998902794, 0.16880339797885255, "True", 5500], [0.15281743966718153, 0.14638247735145057, 0.12481956978094064, 0.16794538492196096, "True", 3800], [0.15281743966718153, 0.15800844825058177, 0.1378117566742982, 0.17820513982686528, "True", 4200]]}, "test 5": {"params": [{"S": 2.0, "vol": 0.3, "r": 0.03, "T": 0.1095890410958904, "mu": 0.691503344943507, "sigma": 0.09931270663228416, "mean": 2.006586163102872, "std": 0.1997718882337192, "low": 1.4072704984017146, "high": 2.6059018278040296}], "test_params": {"epsilon": 0.003, "alpha": 0.01}, "results": [[0.02373888860408517, 0.02490835950100624, 0.022657374150869717, 0.027159344851142762, "True", 14600], [0.02373888860408517, 0.02442562031156497, 0.021682150555366455, 0.027169090067763493, "True", 11800], [0.02373888860408517, 0.02375869910209329, 0.02098553422658362, 0.026531863977603133, "True", 11800], [0.02373888860408517, 0.023229667203908396, 0.02029008338719629, 0.026169251020620333, "True", 11200], [0.02373888860408517, 0.02576429978917806, 0.02312850779509297, 0.028400091783263148, "True", 12300]]}, "test 6": {"params": [{"S": 2.0, "vol": 0.3, "r": 0.03, "T": 0.136986301369863, "mu": 0.6910923860393974, "sigma": 0.11103498152964078, "mean": 2.0082360899633027, "std": 0.22367350656248752, "low": 1.3372155702758401, "high": 2.679256609650765}], "test_params": {"epsilon": 0.003, "alpha": 0.01}, "results": [[0.5197084680116706, 0.5224393566150479, 0.49609247489608366, 0.5487862383340122, "True", 6700], [0.5197084680116706, 0.525954016931741, 0.5007401857203484, 0.5511678481431336, "True", 7100], [0.5197084680116706, 0.5289621146482931, 0.49685741757986895, 0.5610668117167171, "True", 6700], [0.5197084680116706, 0.5197142373140483, 0.5087344191261025, 0.5306940555019941, "True", 13600], [0.5197084680116706, 0.5125558702755617, 0.5035463387823458, 0.521565401768777, "True", 17300]]}, "test 7": {"params": [{"S": 2.0, "vol": 0.3, "r": 0.03, "T": 0.136986301369863, "mu": 0.6910923860393974, "sigma": 0.11103498152964078, "mean": 2.0082360899633027, "std": 0.22367350656248752, "low": 1.3372155702758401, "high": 2.679256609650765}], "test_params": {"epsilon": 0.003, "alpha": 0.01}, "results": [[0.16940396279682834, 0.16528612784925473, 0.14465517955259427, 0.18591707614591518, "True", 5200], [0.16940396279682834, 0.16765634748802458, 0.14865664104313944, 0.1866560539329092, "True", 4900], [0.16940396279682834, 0.17384314142293572, 0.15702644510254293, 0.1906598377433285, "True", 6000], [0.16940396279682834, 0.16493096840899002, 0.14769555962176803, 0.1821663771962125, "True", 5400], [0.16940396279682834, 0.1801210375077968, 0.15820716031497267, 0.20203491470062138, "True", 4300]]}, "test 8": {"params": [{"S": 2.0, "vol": 0.3, "r": 0.03, "T": 0.136986301369863, "mu": 0.6910923860393974, "sigma": 0.11103498152964078, "mean": 2.0082360899633027, "std": 0.22367350656248752, "low": 1.3372155702758401, "high": 2.679256609650765}], "test_params": {"epsilon": 0.003, "alpha": 0.01}, "results": [[0.022756042379641774, 0.022509723625018137, 0.019626113514897122, 0.02539333373513915, "True", 11600], [0.022756042379641774, 0.022618627830547727, 0.020240611127186964, 0.024996644533908666, "True", 14200], [0.022756042379641774, 0.02379874017094313, 0.02146413849966512, 0.02613334184222097, "True", 14100], [0.022756042379641774, 0.022682483214764734, 0.019909640959674135, 0.02545532546985551, "True", 12500], [0.022756042379641774, 0.023549701332088727, 0.02066700812129504, 0.026432394542882414, "True", 12000]]}}