{
    "test 0": {
        "params": [
            {
                "S": 2.0,
                "vol": 0.3,
                "r": 0.03,
                "T": 0.0821917808219178,
                "mu": 0.6919143038476165,
                "sigma": 0.08600732686214937,
                "mean": 2.004937591789559,
                "std": 0.1727587094262651,
                "low": 1.4866614635107638,
                "high": 2.5232137200683544
            }
        ],
        "test_params": {
            "epsilon": 0.001,
            "alpha": 0.01
        },
        "results": [
            [
                0.3629653821505646,
                0.3671872155936777,
                0.35097312889243765,
                0.38340130229491676,
                "True",
                12600
            ],
            [
                0.3629653821505646,
                0.36480588120007634,
                0.3564178502823294,
                0.3731939121178242,
                "True",
                24200
            ],
            [
                0.3629653821505646,
                0.35978554328750734,
                0.34853658548319805,
                0.3710345010918166,
                "True",
                17800
            ],
            [
                0.3629653821505646,
                0.3609832245724235,
                0.3524023653798394,
                0.3695640837650067,
                "True",
                23300
            ],
            [
                0.3629653821505646,
                0.3643600501141127,
                0.3559247664348846,
                0.3727953337933399,
                "True",
                24100
            ]
        ]
    },
    "test 1": {
        "params": [
            {
                "S": 2.0,
                "vol": 0.3,
                "r": 0.03,
                "T": 0.0821917808219178,
                "mu": 0.6919143038476165,
                "sigma": 0.08600732686214937,
                "mean": 2.004937591789559,
                "std": 0.1727587094262651,
                "low": 1.4866614635107638,
                "high": 2.5232137200683544
            }
        ],
        "test_params": {
            "epsilon": 0.001,
            "alpha": 0.01
        },
        "results": [
            [
                0.1336573428041825,
                0.1330548179277109,
                0.12987529074480286,
                0.13623434511061894,
                "True",
                40300
            ],
            [
                0.1336573428041825,
                0.13249223639746124,
                0.12863926094866407,
                0.1363452118462578,
                "True",
                33200
            ],
            [
                0.1336573428041825,
                0.13214346893398562,
                0.12830275037836364,
                0.135984187489607,
                "True",
                32800
            ],
            [
                0.1336573428041825,
                0.1350564223589713,
                0.131674833097657,
                0.13843801162028563,
                "True",
                37100
            ],
            [
                0.1336573428041825,
                0.13168756639688492,
                0.12834182759444693,
                0.13503330519932288,
                "True",
                37000
            ]
        ]
    },
    "test 2": {
        "params": [
            {
                "S": 2.0,
                "vol": 0.3,
                "r": 0.03,
                "T": 0.0821917808219178,
                "mu": 0.6919143038476165,
                "sigma": 0.08600732686214937,
                "mean": 2.004937591789559,
                "std": 0.1727587094262651,
                "low": 1.4866614635107638,
                "high": 2.5232137200683544
            }
        ],
        "test_params": {
            "epsilon": 0.001,
            "alpha": 0.01
        },
        "results": [
            [
                0.024884708440264733,
                0.0250341049998147,
                0.022351553359520587,
                0.027716656640109097,
                "True",
                20800
            ],
            [
                0.024884708440264733,
                0.02402657332240404,
                0.021851800670167894,
                0.02620134597464019,
                "True",
                25800
            ],
            [
                0.024884708440264733,
                0.025948743615813858,
                0.02334601400651419,
                0.02855147322511381,
                "True",
                22600
            ],
            [
                0.024884708440264733,
                0.025338991278485302,
                0.022639394666700167,
                0.028038587890270437,
                "True",
                21100
            ],
            [
                0.024884708440264733,
                0.025053615236272912,
                0.022941752390559803,
                0.02716547808198574,
                "True",
                27100
            ]
        ]
    },
    "test 3": {
        "params": [
            {
                "S": 2.0,
                "vol": 0.3,
                "r": 0.03,
                "T": 0.1095890410958904,
                "mu": 0.691503344943507,
                "sigma": 0.09931270663228416,
                "mean": 2.006586163102872,
                "std": 0.1997718882337192,
                "low": 1.4072704984017146,
                "high": 2.6059018278040296
            }
        ],
        "test_params": {
            "epsilon": 0.001,
            "alpha": 0.01
        },
        "results": [
            [
                0.4463532526364221,
                0.4449069518147523,
                0.4364696330243685,
                0.4533442706051351,
                "True",
                29500
            ],
            [
                0.4463532526364221,
                0.44398576494701203,
                0.4361299030830851,
                0.45184162681093887,
                "True",
                31100
            ],
            [
                0.4463532526364221,
                0.44838682248263384,
                0.43995169882637697,
                0.45682194613889077,
                "True",
                29500
            ],
            [
                0.4463532526364221,
                0.4469846732494553,
                0.44004843867417615,
                0.45392090782473443,
                "True",
                38800
            ],
            [
                0.4463532526364221,
                0.4448455473019379,
                0.43822551855617986,
                0.45146557604769716,
                "True",
                35600
            ]
        ]
    },
    "test 4": {
        "params": [
            {
                "S": 2.0,
                "vol": 0.3,
                "r": 0.03,
                "T": 0.1095890410958904,
                "mu": 0.691503344943507,
                "sigma": 0.09931270663228416,
                "mean": 2.006586163102872,
                "std": 0.1997718882337192,
                "low": 1.4072704984017146,
                "high": 2.6059018278040296
            }
        ],
        "test_params": {
            "epsilon": 0.001,
            "alpha": 0.01
        },