{"test 0": {"params": [{"S": 2.0, "vol": 0.3, "r": 0.03, "T": 0.0821917808219178, "mu": 0.6919143038476165, "sigma": 0.08600732686214937, "mean": 2.004937591789559, "std": 0.1727587094262651, "low": 1.4866614635107638, "high": 2.5232137200683544}], "test_params": {"epsilon": 0.01, "alpha": 0.01}, "results": [[0.3629653821505646, 0.3840386788913854, 0.32993074834470815, 0.4381466094380623, "True", 1200], [0.3629653821505646, 0.3615695137834617, 0.3246515936962872, 0.3984874338706361, "True", 1800], [0.3629653821505646, 0.3592639785582924, 0.3273821019614673, 0.39114585515511746, "True", 2000], [0.3629653821505646, 0.36769019126128744, 0.335840212806468, 0.39954016971610684, "True", 2000], [0.3629653821505646, 0.35828748311763625, 0.3302469427826697, 0.38632802345260286, "True", 2100]]}, "test 1": {"params": [{"S": 2.0, "vol": 0.3, "r": 0.03, "T": 0.0821917808219178, "mu": 0.6919143038476165, "sigma": 0.08600732686214937, "mean": 2.004937591789559, "std": 0.1727587094262651, "low": 1.4866614635107638, "high": 2.5232137200683544}], "test_params": {"epsilon": 0.01, "alpha": 0.01}, "results": [[0.1336573428041825, 0.14181271699294454, 0.12746297076008564, 0.1561624632258035, "True", 2700], [0.1336573428041825, 0.13038917840719327, 0.1177982353944419, 0.14298012141994443, "True", 3200], [0.1336573428041825, 0.133570266253063, 0.11848972147345928, 0.14865081103266672, "True", 2400], [0.1336573428041825, 0.13465016743714586, 0.11783938833122837, 0.15146094654306314, "True", 2400], [0.1336573428041825, 0.1277785002899255, 0.10995154520464309, 0.14560545537520808, "True", 2100]]}, "test 2": {"params": [{"S": 2.0, "vol": 0.3, "r": 0.03, "T": 0.0821917808219178, "mu": 0.6919143038476165, "sigma": 0.08600732686214937, "mean": 2.004937591789559, "std": 0.1727587094262651, "low": 1.4866614635107638, "high": 2.5232137200683544}], "test_params": {"epsilon": 0.01, "alpha": 0.01}, "results": [[0.024884708440264733, 0.023362293786725948, 0.014403946818720294, 0.0323206407547316, "True", 1800], [0.024884708440264733, 0.02237953794097473, 0.012019033713521369, 0.03274004216842809, "True", 1700], [0.024884708440264733, 0.027135072595034372, 0.015857655418186154, 0.038412489771882496, "True", 1600], [0.024884708440264733, 0.024256955107924694, 0.013893990008761606, 0.034619920207087776, "True", 1700], [0.024884708440264733, 0.024630234553761732, 0.01567416840015183, 0.03358630070737163, "True", 1900]]}, "test 3": {"params": [{"S": 2.0, "vol": 0.3, "r": 0.03, "T": 0.1095890410958904, "mu": 0.691503344943507, "sigma": 0.09931270663228416, "mean": 2.006586163102872, "std": 0.1997718882337192, "low": 1.4072704984017146, "high": 2.6059018278040296}], "test_params": {"epsilon": 0.01, "alpha": 0.01}, "results": [[0.4463532526364221, 0.45944738880416686, 0.4187894674055037, 0.50010531020283, "True", 2000], [0.4463532526364221, 0.46052404508593753, 0.41283423791599133, 0.5082138522558834, "True", 1500], [0.4463532526364221, 0.44221576246442457, 0.38448340361278993, 0.49994812131605953, "True", 1400], [0.4463532526364221, 0.44758071570970465, 0.4036524584036404, 0.4915089730157685, "True", 1800], [0.4463532526364221, 0.47001061532357, 0.42234173184050944, 0.5176794988066306, "True", 1600]]}, "test 4": {"params": [{"S": 2.0, "vol": 0.3, "r": 0.03, "T": 0.1095890410958904, "mu": 0.691503344943507, "sigma": 0.09931270663228416, "mean": 2.006586163102872, "std": 0.1997718882337192, "low": 1.4072704984017146, "high": 2.6059018278040296}], "test_params": {"epsilon": 0.01, "alpha": 0.01}, "results": [[0.15281743966718153, 0.15551253144501626, 0.1380738165308737, 0.17295124635915882, "True", 2600], [0.15281743966718153, 0.15762042181535316, 0.14018114149429284, 0.17505970213641373, "True", 2600], [0.15281743966718153, 0.16093643020992374, 0.14510428805138892, 0.17676857236845853, "True", 2800], [0.15281743966718153, 0.15337697174909207, 0.12982759570950092, 0.17692634778868324, "True", 1800], [0.15281743966718153, 0.1506080719850223, 0.13400645230024974, 0.16720969166979505, "True", 2700]]}, "test 5": {"params": [{"S": 2.0, "vol": 0.3, "r": 0.03, "T": 0.1095890410958904, "mu": 0.691503344943507, "sigma": 0.09931270663228416, "mean": 2.006586163102872, "std": 0.1997718882337192, "low": 1.4072704984017146, "high": 2.6059018278040296}], "test_params": {"epsilon": 0.01, "alpha": 0.01}, "results": [[0.02373888860408517, 0.025531898664621574, 0.015615063375800105, 0.035448733953442946, "True", 1800], [0.02373888860408517, 0.025843222909853785, 0.014203321602293368, 0.0374831242174142, "True", 1600], [0.02373888860408517, 0.024966537938186484, 0.012202094295391198, 0.03773098158098177, "True", 1300], [0.02373888860408517, 0.024111671170635604, 0.011351161365167516, 0.0368721809761036, "True", 1300], [0.02373888860408517, 0.024135990723801584, 0.009995272059495668, 0.0382767093881074, "True", 1100]]}, "test 6": {"params": [{"S": 2.0, "vol": 0.3, "r": 0.03, "T": 0.136986301369863, "mu": 0.6910923860393974, "sigma": 0.11103498152964078, "mean": 2.0082360899633027, "std": 0.22367350656248752, "low": 1.3372155702758401, "high": 2.679256609650765}], "test_params": {"epsilon": 0.01, "alpha": 0.01}, "results": [[0.5197084680116706, 0.5240344375295356, 0.4807773636573303, 0.5672915114017404, "True", 1900], [0.5197084680116706, 0.5302462037350069, 0.4870087536907852, 0.5734836537792286, "True", 1900], [0.5197084680116706, 0.5138296093770943, 0.4798167255518877, 0.5478424932023005, "True", 2500], [0.5197084680116706, 0.5296729438268576, 0.49744779237078357, 0.5618980952829311, "True", 2600], [0.5197084680116706, 0.5487160307699961, 0.4986364017881361, 0.5987956597518557, "True", 1800]]}, "test 7": {"params": [{"S": 2.0, "vol": 0.3, "r": 0.03, "T": 0.136986301369863, "mu": 0.6910923860393974, "sigma": 0.11103498152964078, "mean": 2.0082360899633027, "std": 0.22367350656248752, "low": 1.3372155702758401, "high": 2.679256609650765}], "test_params": {"epsilon": 0.01, "alpha": 0.01}, "results": [[0.16940396279682834, 0.1623937222967977, 0.14064763068268832, 0.18413981391090703, "True", 2200], [0.16940396279682834, 0.16210403960085487, 0.14257448976715126, 0.18163358943455873, "True", 2400], [0.16940396279682834, 0.16485265134638796, 0.14427963697142585, 0.18542566572135036, "True", 2600], [0.16940396279682834, 0.17031541556268337, 0.14855790217872125, 0.19207292894664552, "True", 2200], [0.16940396279682834, 0.16087012296937234, 0.14133937796751417, 0.18040086797123078, "True", 2600]]}, "test 8": {"params": [{"S": 2.0, "vol": 0.3, "r": 0.03, "T": 0.136986301369863, "mu": 0.6910923860393974, "sigma": 0.11103498152964078, "mean": 2.0082360899633027, "std": 0.22367350656248752, "low": 1.3372155702758401, "high": 2.679256609650765}], "test_params": {"epsilon": 0.01, "alpha": 0.01}, "results": [[0.022756042379641774, 0.022342444572369263, 0.012145149110411167, 0.03253974003432736, "True", 1800], [0.022756042379641774, 0.02309965862120173, 0.014169093505068838, 0.03203022373733472, "True", 2000], [0.022756042379641774, 0.022428870371775305, 0.011429071277675024, 0.03342866946587559, "True", 1700], [0.022756042379641774, 0.019375494200517564, 0.004869400739498761, 0.03388158766153637, "True", 1200], [0.022756042379641774, 0.025312649126859547, 0.0191847242824426, 0.03144057397127658, "True", 2700]]}}