{"test 0": {"params": [{"S": 2.0, "vol": 0.3, "r": 0.03, "T": 0.0821917808219178, "mu": 0.6919143038476165, "sigma": 0.08600732686214937, "mean": 2.004937591789559, "std": 0.1727587094262651, "low": 1.4866614635107638, "high": 2.5232137200683544}], "test_params": {"epsilon": 0.002, "alpha": 0.01}, "results": [[0.3629653821505646, 0.363474125822179, 0.3558332737374702, 0.371114977906887, "True", 19000], [0.3629653821505646, 0.3629534097641856, 0.35088808407489624, 0.37501873545347575, "True", 12100], [0.3629653821505646, 0.3657301220217418, 0.35756221748498573, 0.3738980265584979, "True", 20400], [0.3629653821505646, 0.3618900332576449, 0.3522984666495244, 0.3714815998657654, "True", 14900], [0.3629653821505646, 0.3642097595756449, 0.35645931514998336, 0.37196020400130714, "True", 19800]]}, "test 1": {"params": [{"S": 2.0, "vol": 0.3, "r": 0.03, "T": 0.0821917808219178, "mu": 0.6919143038476165, "sigma": 0.08600732686214937, "mean": 2.004937591789559, "std": 0.1727587094262651, "low": 1.4866614635107638, "high": 2.5232137200683544}], "test_params": {"epsilon": 0.002, "alpha": 0.01}, "results": [[0.1336573428041825, 0.1338200135987146, 0.12836460659610044, 0.13927542060132872, "True", 16600], [0.1336573428041825, 0.13594130890336797, 0.12203500053815365, 0.14984761726858187, "True", 6500], [0.1336573428041825, 0.13030150522676767, 0.1148155888822745, 0.1457874215712613, "True", 6000], [0.1336573428041825, 0.13532122891376752, 0.12051352074259848, 0.15012893708493696, "True", 6500], [0.1336573428041825, 0.12859034622974333, 0.11408474332544975, 0.1430959491340369, "True", 6700]]}, "test 2": {"params": [{"S": 2.0, "vol": 0.3, "r": 0.03, "T": 0.0821917808219178, "mu": 0.6919143038476165, "sigma": 0.08600732686214937, "mean": 2.004937591789559, "std": 0.1727587094262651, "low": 1.4866614635107638, "high": 2.5232137200683544}], "test_params": {"epsilon": 0.002, "alpha": 0.01}, "results": [[0.024884708440264733, 0.024474689254754194, 0.021064726819844937, 0.027884651689663253, "True", 11100], [0.024884708440264733, 0.02532609504085587, 0.02265503718314331, 0.027997152898568425, "True", 15100], [0.024884708440264733, 0.024179565352108117, 0.021531417546210525, 0.02682771315800571, "True", 15400], [0.024884708440264733, 0.024579551524250724, 0.022499532194927663, 0.02665957085357378, "True", 18800], [0.024884708440264733, 0.025195918911081434, 0.022652749783470996, 0.02773908803869187, "True", 16200]]}, "test 3": {"params": [{"S": 2.0, "vol": 0.3, "r": 0.03, "T": 0.1095890410958904, "mu": 0.691503344943507, "sigma": 0.09931270663228416, "mean": 2.006586163102872, "std": 0.1997718882337192, "low": 1.4072704984017146, "high": 2.6059018278040296}], "test_params": {"epsilon": 0.002, "alpha": 0.01}, "results": [[0.4463532526364221, 0.4493056653563909, 0.44088434198817894, 0.4577269887246028, "True", 20200], [0.4463532526364221, 0.4446198627337591, 0.43559045719009015, 0.453649268277428, "True", 18800], [0.4463532526364221, 0.43071528684232824, 0.4027625587012591, 0.45866801498339743, "True", 7100], [0.4463532526364221, 0.4440373640066749, 0.4187465339813039, 0.46932819403204507, "True", 8900], [0.4463532526364221, 0.4437363587921613, 0.43525548077122467, 0.45221723681309867, "True", 21700]]}, "test 4": {"params": [{"S": 2.0, "vol": 0.3, "r": 0.03, "T": 0.1095890410958904, "mu": 0.691503344943507, "sigma": 0.09931270663228416, "mean": 2.006586163102872, "std": 0.1997718882337192, "low": 1.4072704984017146, "high": 2.6059018278040296}], "test_params": {"epsilon": 0.002, "alpha": 0.01}, "results": [[0.15281743966718153, 0.15462407011432436, 0.13820741698360797, 0.17104072324504124, "True", 6500], [0.15281743966718153, 0.15142827557599303, 0.1350046786551963, 0.16785187249678926, "True", 6200], [0.15281743966718153, 0.1563892597544928, 0.14175812701544807, 0.17102039249353698, "True", 7100], [0.15281743966718153, 0.15407775466596413, 0.13575275237945109, 0.1724027569524767, "True", 5600], [0.15281743966718153, 0.153974661797939, 0.14929681209922233, 0.15865251149665568, "True", 23200]]}, "test 5": {"params": [{"S": 2.0, "vol": 0.3, "r": 0.03, "T": 0.1095890410958904, "mu": 0.691503344943507, "sigma": 0.09931270663228416, "mean": 2.006586163102872, "std": 0.1997718882337192, "low": 1.4072704984017146, "high": 2.6059018278040296}], "test_params": {"epsilon": 0.002, "alpha": 0.01}, "results": [[0.02373888860408517, 0.02338404342156712, 0.021261902488610932, 0.025506184354523512, "True", 19100], [0.02373888860408517, 0.02231276306353374, 0.01955066080153163, 0.025074865325535843, "True", 15100], [0.02373888860408517, 0.02412012824028567, 0.021899056320794398, 0.026341200159777145, "True", 18500], [0.02373888860408517, 0.023371900618930783, 0.020422745654591234, 0.026321055583270338, "True", 13900], [0.02373888860408517, 0.024213435139566662, 0.021499843251306515, 0.02692702702782681, "True", 15200]]}, "test 6": {"params": [{"S": 2.0, "vol": 0.3, "r": 0.03, "T": 0.136986301369863, "mu": 0.6910923860393974, "sigma": 0.11103498152964078, "mean": 2.0082360899633027, "std": 0.22367350656248752, "low": 1.3372155702758401, "high": 2.679256609650765}], "test_params": {"epsilon": 0.002, "alpha": 0.01}, "results": [[0.5197084680116706, 0.5255739830446547, 0.4953331820235405, 0.55581478406577, "True", 8900], [0.5197084680116706, 0.5108230987132869, 0.5028299974215127, 0.5188162000050611, "False", 23800], [0.5197084680116706, 0.5202780669467687, 0.49098037033786646, 0.5495757635556711, "True", 8700], [0.5197084680116706, 0.5249267500342337, 0.5165490712281927, 0.5333044288402737, "True", 22800], [0.5197084680116706, 0.5354510898971486, 0.5085190463147425, 0.5623831334795556, "True", 9700]]}, "test 7": {"params": [{"S": 2.0, "vol": 0.3, "r": 0.03, "T": 0.136986301369863, "mu": 0.6910923860393974, "sigma": 0.11103498152964078, "mean": 2.0082360899633027, "std": 0.22367350656248752, "low": 1.3372155702758401, "high": 2.679256609650765}], "test_params": {"epsilon": 0.002, "alpha": 0.01}, "results": [[0.16940396279682834, 0.17643439041468573, 0.15878492778475753, 0.19408385304461448, "True", 6500], [0.16940396279682834, 0.1690328368833971, 0.16376411460834348, 0.17430155915845075, "True", 21500], [0.16940396279682834, 0.1669506241156162, 0.15024461901160452, 0.1836566292196273, "True", 7500], [0.16940396279682834, 0.17520259258712514, 0.15603081235214367, 0.19437437282210715, "True", 6100], [0.16940396279682834, 0.16891236440233992, 0.15013683164959735, 0.18768789715508244, "True", 6600]]}, "test 8": {"params": [{"S": 2.0, "vol": 0.3, "r": 0.03, "T": 0.136986301369863, "mu": 0.6910923860393974, "sigma": 0.11103498152964078, "mean": 2.0082360899633027, "std": 0.22367350656248752, "low": 1.3372155702758401, "high": 2.679256609650765}], "test_params": {"epsilon": 0.002, "alpha": 0.01}, "results": [[0.022756042379641774, 0.023591494640994755, 0.020677152071021603, 0.02650583721096791, "True", 14200], [0.022756042379641774, 0.022778408683936418, 0.0197797374676668, 0.02577707990020582, "True", 14100], [0.022756042379641774, 0.022550639728935916, 0.020163388854042376, 0.02493789060382946, "True", 17300], [0.022756042379641774, 0.022534756136791605, 0.020261572414415112, 0.024807939859168102, "True", 18200], [0.022756042379641774, 0.023201419048017924, 0.020884478180551627, 0.025518359915484012, "True", 18100]]}}