{"test 0": {"params": [{"S": 2.0, "vol": 0.3, "r": 0.03, "T": 0.0821917808219178, "mu": 0.6919143038476165, "sigma": 0.08600732686214937, "mean": 2.004937591789559, "std": 0.1727587094262651, "low": 1.4866614635107638, "high": 2.5232137200683544}], "test_params": {"epsilon": 0.01, "alpha": 0.01}, "results": [[0.3629653821505646, 0.3697091980789734, 0.33759959869478967, 0.40181879746315724, "True"], [0.3629653821505646, 0.36549949508949037, 0.33034622411030296, 0.4006527660686775, "True"], [0.3629653821505646, 0.366307768051942, 0.3274901334400241, 0.4051254026638597, "True"], [0.3629653821505646, 0.356707673787447, 0.32152239517809916, 0.3918929523967948, "True"], [0.3629653821505646, 0.3687944671448404, 0.3478435210857696, 0.3897454132039109, "True"], [0.3629653821505646, 0.3538250670666575, 0.32645363960369017, 0.38119649452962523, "True"], [0.3629653821505646, 0.3754185975147605, 0.35298616524678716, 0.39785102978273373, "True"], [0.3629653821505646, 0.367035511607785, 0.3349158787044895, 0.39915514451108075, "True"], [0.3629653821505646, 0.3697091980789734, 0.33759959869478967, 0.40181879746315724, "True"], [0.3629653821505646, 0.3626438615594257, 0.3274802270417894, 0.3978074960770622, "True"]]}, "test 1": {"params": [{"S": 2.0, "vol": 0.3, "r": 0.03, "T": 0.0821917808219178, "mu": 0.6919143038476165, "sigma": 0.08600732686214937, "mean": 2.004937591789559, "std": 0.1727587094262651, "low": 1.4866614635107638, "high": 2.5232137200683544}], "test_params": {"epsilon": 0.01, "alpha": 0.01}, "results": [[0.1336573428041825, 0.14367189895575389, 0.12479643615333531, 0.16254736175817247, "True"], [0.1336573428041825, 0.13356451094332447, 0.1161599247745085, 0.15096909711214057, "True"], [0.1336573428041825, 0.13652500768998896, 0.12308436876696095, 0.14996564661301698, "True"], [0.1336573428041825, 0.1329831981013881, 0.11679208498205912, 0.14917431122071687, "True"], [0.1336573428041825, 0.13818810642321755, 0.12303709283069118, 0.1533391200157439, "True"], [0.1336573428041825, 0.14016921164306376, 0.12593151701036903, 0.15440690627575865, "True"], [0.1336573428041825, 0.13036598885153997, 0.11612374795960796, 0.14460822974347182, "True"], [0.1336573428041825, 0.12696148760301018, 0.11349916668936595, 0.14042380851665442, "True"], [0.1336573428041825, 0.13544829128037025, 0.12029979570859628, 0.1505967868521442, "True"], [0.1336573428041825, 0.13448450998570532, 0.12173881267023529, 0.14723020730117536, "True"]]}, "test 2": {"params": [{"S": 2.0, "vol": 0.3, "r": 0.03, "T": 0.0821917808219178, "mu": 0.6919143038476165, "sigma": 0.08600732686214937, "mean": 2.004937591789559, "std": 0.1727587094262651, "low": 1.4866614635107638, "high": 2.5232137200683544}], "test_params": {"epsilon": 0.01, "alpha": 0.01}, "results": [[0.024884708440264733, 0.022624034792188965, 0.012798984669669564, 0.03244908491470829, "True"], [0.024884708440264733, 0.021393853348878663, 0.011570052491486056, 0.031217654206271272, "True"], [0.024884708440264733, 0.027001857892845017, 0.016133221049629026, 0.03787049473606093, "True"], [0.024884708440264733, 0.02974959306126342, 0.01756278591120147, 0.04193640021132537, "True"], [0.024884708440264733, 0.023913028307972206, 0.014922198562871431, 0.032903858053072985, "True"], [0.024884708440264733, 0.021393853348878663, 0.011570052491486056, 0.031217654206271272, "True"], [0.024884708440264733, 0.027750230328041702, 0.01945531649365294, 0.03604514416243039, "True"], [0.024884708440264733, 0.02444630432551474, 0.014618948583335484, 0.034273660067693994, "True"], [0.024884708440264733, 0.027181074294488513, 0.015009990349143944, 0.03935215823983308, "True"], [0.024884708440264733, 0.018454367206872754, 0.006330006948701494, 0.03057872746504401, "True"]]}, "test 3": {"params": [{"S": 2.0, "vol": 0.3, "r": 0.03, "T": 0.1095890410958904, "mu": 0.691503344943507, "sigma": 0.09931270663228416, "mean": 2.006586163102872, "std": 0.1997718882337192, "low": 1.4072704984017146, "high": 2.6059018278040296}], "test_params": {"epsilon": 0.01, "alpha": 0.01}, "results": [[0.4463532526364221, 0.4422609010962392, 0.40962272951719675, 0.4748990726752813, "True"], [0.4463532526364221, 0.44809828708559973, 0.41548155669383213, 0.4807150174773673, "True"], [0.4463532526364221, 0.4563989646562263, 0.41020538183304406, 0.5025925474794082, "True"], [0.4463532526364221, 0.44809828708559973, 0.41548155669383213, 0.4807150174773673, "True"], [0.4463532526364221, 0.4359973922155541, 0.40334128875472175, 0.4686534956763865, "True"], [0.4463532526364221, 0.44163322751004674, 0.40640994403846914, 0.47685651098162435, "True"], [0.4463532526364221, 0.45538787566423533, 0.4171825765125555, 0.4935931748159154, "True"], [0.4463532526364221, 0.44050350416030715, 0.4022453512135817, 0.47876165710703267, "True"], [0.4463532526364221, 0.45596142755687596, 0.42079198129458917, 0.4911308738191628, "True"], [0.4463532526364221, 0.47334833899954787, 0.4408220018806173, 0.5058746761184784, "True"]]}, "test 4": {"params": [{"S": 2.0, "vol": 0.3, "r": 0.03, "T": 0.1095890410958904, "mu": 0.691503344943507, "sigma": 0.09931270663228416, "mean": 2.006586163102872, "std": 0.1997718882337192, "low": 1.4072704984017146, "high": 2.6059018278040296}], "test_params": {"epsilon": 0.01, "alpha": 0.01}, "results": [[0.15281743966718153, 0.1555696467533815, 0.1380532407228612, 0.17308605278390182, "True"], [0.15281743966718153, 0.15317772534231272, 0.13305548159379804, 0.1732999690908276, "True"], [0.15281743966718153, 0.1557787311236868, 0.14023287848607313, 0.17132458376130066, "True"], [0.15281743966718153, 0.16500463978860302, 0.1448415293688802, 0.18516775020832582, "True"], [0.15281743966718153, 0.1587400975573377, 0.14122109067386132, 0.1762591044408139, "True"], [0.15281743966718153, 0.1557787311236868, 0.14023287848607313, 0.17132458376130066, "True"], [0.15281743966718153, 0.15833354142802203, 0.13960202451592724, 0.17706505834011704, "True"], [0.15281743966718153, 0.1415128575114137, 0.1239963734582008, 0.1590293415646268, "True"], [0.15281743966718153, 0.14569641805697742, 0.1255936486030822, 0.1657991875108726, "True"], [0.15281743966718153, 0.1650828517498898, 0.14755582509083234, 0.1826098784089471, "True"]]}, "test 5": {"params": [{"S": 2.0, "vol": 0.3, "r": 0.03, "T": 0.1095890410958904, "mu": 0.691503344943507, "sigma": 0.09931270663228416, "mean": 2.006586163102872, "std": 0.1997718882337192, "low": 1.4072704984017146, "high": 2.6059018278040296}], "test_params": {"epsilon": 0.01, "alpha": 0.01}, "results": [[0.02373888860408517, 0.018386787978041892, 0.007191643652942578, 0.029581932303141135, "True"], [0.02373888860408517, 0.02304629289479779, 0.010504546601828873, 0.03558803918776664, "True"], [0.02373888860408517, 0.022438547479089858, 0.011232182813663272, 0.033644912144516446, "True"], [0.02373888860408517, 0.02586960748188562, 0.015719291753416017, 0.03601992321035523, "True"], [0.02373888860408517, 0.028071823889640992, 0.01550188197498206, 0.04064176580429993, "True"], [0.02373888860408517, 0.03256141276540525, 0.019963452774863073, 0.04515937275594751, "True"], [0.02373888860408517, 0.025148986043861427, 0.013933931170642568, 0.036364040917080356, "True"], [0.02373888860408517, 0.026605393521339525, 0.01732111475091313, 0.03588967229176585, "True"], [0.02373888860408517, 0.02473714707315728, 0.02099623856072985, 0.02847805558558464, "True"], [0.02373888860408517, 0.025519220126919283, 0.012964016696975118, 0.03807442355686345, "True"]]}, "test 6": {"params": [{"S": 2.0, "vol": 0.3, "r": 0.03, "T": 0.136986301369863, "mu": 0.6910923860393974, "sigma": 0.11103498152964078, "mean": 2.0082360899633027, "std": 0.22367350656248752, "low": 1.3372155702758401, "high": 2.679256609650765}], "test_params": {"epsilon": 0.01, "alpha": 0.01},