{"test 0": {"params": [{"S": 2.0, "vol": 0.3, "r": 0.03, "T": 0.0821917808219178, "mu": 0.6919143038476165, "sigma": 0.08600732686214937, "mean": 2.004937591789559, "std": 0.1727587094262651, "low": 1.4866614635107638, "high": 2.5232137200683544}], "test_params": {"epsilon": 0.009000000000000001, "alpha": 0.01}, "results": [[0.3629653821505646, 0.355667742391815, 0.32780804679682934, 0.38352743798680067, "True", 2200], [0.3629653821505646, 0.3606940479665408, 0.32710997849410556, 0.3942781174389757, "True", 2000], [0.3629653821505646, 0.3690969202649548, 0.3302248022137225, 0.4079690383161873, "True", 1800], [0.3629653821505646, 0.3717489649784016, 0.33820789324063516, 0.4052900367161681, "True", 1900], [0.3629653821505646, 0.3717489649784016, 0.33820789324063516, 0.4052900367161681, "True", 1900]]}, "test 1": {"params": [{"S": 2.0, "vol": 0.3, "r": 0.03, "T": 0.0821917808219178, "mu": 0.6919143038476165, "sigma": 0.08600732686214937, "mean": 2.004937591789559, "std": 0.1727587094262651, "low": 1.4866614635107638, "high": 2.5232137200683544}], "test_params": {"epsilon": 0.009000000000000001, "alpha": 0.01}, "results": [[0.1336573428041825, 0.12662103975239658, 0.11218229508207858, 0.14105978442271455, "True", 2800], [0.1336573428041825, 0.1249967643033809, 0.11117440232396614, 0.13881912628279566, "True", 2900], [0.1336573428041825, 0.13810369568910608, 0.12430929661146131, 0.15189809476675104, "True", 3300], [0.1336573428041825, 0.14077904124223461, 0.12486920265274074, 0.15668887983172872, "True", 2400], [0.1336573428041825, 0.13489864204889127, 0.12047008376262235, 0.1493272003351602, "True", 2800]]}, "test 2": {"params": [{"S": 2.0, "vol": 0.3, "r": 0.03, "T": 0.0821917808219178, "mu": 0.6919143038476165, "sigma": 0.08600732686214937, "mean": 2.004937591789559, "std": 0.1727587094262651, "low": 1.4866614635107638, "high": 2.5232137200683544}], "test_params": {"epsilon": 0.009000000000000001, "alpha": 0.01}, "results": [[0.024884708440264733, 0.02421389489332616, 0.0140902350136828, 0.03433755477296952, "True", 1800], [0.024884708440264733, 0.025387219282301678, 0.01654564247696991, 0.034228796087633344, "True", 2100], [0.024884708440264733, 0.02900350748541433, 0.020167660521506155, 0.03783935444932251, "True", 2000], [0.024884708440264733, 0.028039476655945614, 0.017096171264898277, 0.038982782046992855, "True", 1600], [0.024884708440264733, 0.026572415345954673, 0.01713873486387604, 0.0360060958280334, "True", 1800]]}, "test 3": {"params": [{"S": 2.0, "vol": 0.3, "r": 0.03, "T": 0.1095890410958904, "mu": 0.691503344943507, "sigma": 0.09931270663228416, "mean": 2.006586163102872, "std": 0.1997718882337192, "low": 1.4072704984017146, "high": 2.6059018278040296}], "test_params": {"epsilon": 0.009000000000000001, "alpha": 0.01}, "results": [[0.4463532526364221, 0.4447881404926571, 0.40963216346536274, 0.4799441175199515, "True", 2200], [0.4463532526364221, 0.4554521599492596, 0.42962499199130616, 0.48127932790721334, "True", 2900], [0.4463532526364221, 0.4700930388769542, 0.4198520571940364, 0.5203340205598715, "True", 2000], [0.4463532526364221, 0.44908319230931365, 0.40914200230642717, 0.48902438231219986, "True", 1900], [0.4463532526364221, 0.4386846314957809, 0.4035045914757052, 0.47386467151585665, "True", 2200]]}, "test 4": {"params": [{"S": 2.0, "vol": 0.3, "r": 0.03, "T": 0.1095890410958904, "mu": 0.691503344943507, "sigma": 0.09931270663228416, "mean": 2.006586163102872, "std": 0.1997718882337192, "low": 1.4072704984017146, "high": 2.6059018278040296}], "test_params": {"epsilon": 0.009000000000000001, "alpha": 0.01}, "results": [[0.15281743966718153, 0.1427446208466138, 0.12436263928649365, 0.1611266024067342, "True", 2600], [0.15281743966718153, 0.15286606135427774, 0.13617867818859059, 0.16955344451996512, "True", 2700], [0.15281743966718153, 0.15125457436244094, 0.13594292239842243, 0.16656622632645948, "True", 3400], [0.15281743966718153, 0.16241361116578315, 0.14491912945798385, 0.17990809287358245, "True", 2700], [0.15281743966718153, 0.15169628140952812, 0.137535437368683, 0.16585712545037318, "True", 3400]]}, "test 5": {"params": [{"S": 2.0, "vol": 0.3, "r": 0.03, "T": 0.1095890410958904, "mu": 0.691503344943507, "sigma": 0.09931270663228416, "mean": 2.006586163102872, "std": 0.1997718882337192, "low": 1.4072704984017146, "high": 2.6059018278040296}], "test_params": {"epsilon": 0.009000000000000001, "alpha": 0.01}, "results": [[0.02373888860408517, 0.026181965520336834, 0.014887293201855509, 0.03747663783881806, "True", 1600], [0.02373888860408517, 0.028119445158574546, 0.018991501073646565, 0.03724738924350253, "True", 1900], [0.02373888860408517, 0.023441420753838833, 0.012152824920687161, 0.0347300165869906, "True", 1700], [0.02373888860408517, 0.024235722749887927, 0.015100069754969999, 0.03337137574480576, "True", 1900], [0.02373888860408517, 0.02483595311914321, 0.012550579737316154, 0.037121326500970366, "True", 1500]]}, "test 6": {"params": [{"S": 2.0, "vol": 0.3, "r": 0.03, "T": 0.136986301369863, "mu": 0.6910923860393974, "sigma": 0.11103498152964078, "mean": 2.0082360899633027, "std": 0.22367350656248752, "low": 1.3372155702758401, "high": 2.679256609650765}], "test_params": {"epsilon": 0.009000000000000001, "alpha": 0.01}, "results": [[0.5197084680116706, 0.524017814753778, 0.4916836714098814, 0.5563519580976745, "True", 2500], [0.5197084680116706, 0.517816931384115, 0.47770102072891735, 0.5579328420393126, "True", 2200], [0.5197084680116706, 0.5326108933962416, 0.487053010926012, 0.5781687758664714, "True", 1900], [0.5197084680116706, 0.5328346812574397, 0.49277195630504766, 0.5728974062098318, "True", 2300], [0.5197084680116706, 0.5269885505178803, 0.4869062651473537, 0.5670708358884066, "True", 2100]]}, "test 7": {"params": [{"S": 2.0, "vol": 0.3, "r": 0.03, "T": 0.136986301369863, "mu": 0.6910923860393974, "sigma": 0.11103498152964078, "mean": 2.0082360899633027, "std": 0.22367350656248752, "low": 1.3372155702758401, "high": 2.679256609650765}], "test_params": {"epsilon": 0.009000000000000001, "alpha": 0.01}, "results": [[0.16940396279682834, 0.17100959097023202, 0.14805011053330785, 0.1939690714071565, "True", 2200], [0.16940396279682834, 0.173133653749231, 0.15600154934676563, 0.19026575815169636, "True", 3400], [0.16940396279682834, 0.17303487179154214, 0.15516627741046068, 0.19090346617262335, "True", 2900], [0.16940396279682834, 0.17450393389270027, 0.15865942969297725, 0.19034843809242305, "True", 3400], [0.16940396279682834, 0.16165259172837299, 0.1399616510082672, 0.1833435324484787, "True", 2300]]}, "test 8": {"params": [{"S": 2.0, "vol": 0.3, "r": 0.03, "T": 0.136986301369863, "mu": 0.6910923860393974, "sigma": 0.11103498152964078, "mean": 2.0082360899633027, "std": 0.22367350656248752, "low": 1.3372155702758401, "high": 2.679256609650765}], "test_params": {"epsilon": 0.009000000000000001, "alpha": 0.01}, "results": [[0.022756042379641774, 0.01843289176512497, 0.0058248318438641165, 0.03104095168638582, "True", 1600], [0.022756042379641774, 0.023747294864732628, 0.012998888358330662, 0.034495701371134495, "True", 1700], [0.022756042379641774, 0.02200109806668113, 0.010398684107609066, 0.033603512025753096, "True", 1600], [0.022756042379641774, 0.029055353536397075, 0.01743726804692232, 0.040673439025871824, "True", 1700], [0.022756042379641774, 0.02308841836024951, 0.012340325712947006, 0.03383651100755202, "True", 1700]]}}