{"test 0": {"params": [{"S": 2.0, "vol": 0.3, "r": 0.03, "T": 0.0821917808219178, "mu": 0.6919143038476165, "sigma": 0.08600732686214937, "mean": 2.004937591789559, "std": 0.1727587094262651, "low": 1.4866614635107638, "high": 2.5232137200683544}], "test_params": {"epsilon": 0.008, "alpha": 0.01}, "results": [[0.3629653821505646, 0.34152318406013554, 0.30020837542306794, 0.3828379926972032, "True", 1800], [0.3629653821505646, 0.37600352703163537, 0.3378437599494762, 0.4141632941137949, "True", 1900], [0.3629653821505646, 0.37053158392241076, 0.3257580296165807, 0.4153051382282405, "True", 1700], [0.3629653821505646, 0.34152318406013554, 0.30020837542306794, 0.3828379926972032, "True", 1700], [0.3629653821505646, 0.35537461505990675, 0.3220273134791535, 0.3887219166406601, "True", 2200]]}, "test 1": {"params": [{"S": 2.0, "vol": 0.3, "r": 0.03, "T": 0.0821917808219178, "mu": 0.6919143038476165, "sigma": 0.08600732686214937, "mean": 2.004937591789559, "std": 0.1727587094262651, "low": 1.4866614635107638, "high": 2.5232137200683544}], "test_params": {"epsilon": 0.008, "alpha": 0.01}, "results": [[0.1336573428041825, 0.13035288129806732, 0.11633195251522337, 0.1443738100809115, "True", 3500], [0.1336573428041825, 0.12918979415911058, 0.1145586244638165, 0.1438209638544049, "True", 2800], [0.1336573428041825, 0.13410925192742643, 0.11723054869379429, 0.15098795516105853, "True", 2500], [0.1336573428041825, 0.13580964174457424, 0.12179760781219731, 0.14982167567695143, "True", 3400], [0.1336573428041825, 0.1346589235731883, 0.12003251296536462, 0.14928533418101173, "True", 2800]]}, "test 2": {"params": [{"S": 2.0, "vol": 0.3, "r": 0.03, "T": 0.0821917808219178, "mu": 0.6919143038476165, "sigma": 0.08600732686214937, "mean": 2.004937591789559, "std": 0.1727587094262651, "low": 1.4866614635107638, "high": 2.5232137200683544}], "test_params": {"epsilon": 0.008, "alpha": 0.01}, "results": [[0.024884708440264733, 0.029639100362118205, 0.020270876997292263, 0.03900732372694406, "True", 1900], [0.024884708440264733, 0.02270692115354803, 0.01436303257755769, 0.03105080972953847, "True", 2400], [0.024884708440264733, 0.025453516356067015, 0.015446506460036216, 0.03546052625209771, "True", 1900], [0.024884708440264733, 0.020655925473760148, 0.009052682411596803, 0.032259168535923595, "True", 1700], [0.024884708440264733, 0.028437660654034497, 0.017683192436244624, 0.03919212887182427, "True", 1900]]}, "test 3": {"params": [{"S": 2.0, "vol": 0.3, "r": 0.03, "T": 0.1095890410958904, "mu": 0.691503344943507, "sigma": 0.09931270663228416, "mean": 2.006586163102872, "std": 0.1997718882337192, "low": 1.4072704984017146, "high": 2.6059018278040296}], "test_params": {"epsilon": 0.008, "alpha": 0.01}, "results": [[0.4463532526364221, 0.44032246768381683, 0.41025219147070785, 0.4703927438969259, "True", 2700], [0.4463532526364221, 0.44423832823580334, 0.4018742987862512, 0.48660235768535504, "True", 2000], [0.4463532526364221, 0.4595529355472898, 0.4062502069962899, 0.5128556640982898, "True", 1600], [0.4463532526364221, 0.44883644615124374, 0.3955087746962014, 0.5021641176062865, "True", 1600], [0.4463532526364221, 0.44360045981667867, 0.4039456664796248, 0.4832552531537324, "True", 2100]]}, "test 4": {"params": [{"S": 2.0, "vol": 0.3, "r": 0.03, "T": 0.1095890410958904, "mu": 0.691503344943507, "sigma": 0.09931270663228416, "mean": 2.006586163102872, "std": 0.1997718882337192, "low": 1.4072704984017146, "high": 2.6059018278040296}], "test_params": {"epsilon": 0.008, "alpha": 0.01}, "results": [[0.15281743966718153, 0.15746457447655485, 0.14249758284466676, 0.17243156610844318, "True", 3200], [0.15281743966718153, 0.1505313335529208, 0.13554051182703045, 0.1655221552788109, "True", 3400], [0.15281743966718153, 0.14672879139072442, 0.12722379341815387, 0.16623378936329525, "True", 2600], [0.15281743966718153, 0.1428016369462346, 0.12587225660995877, 0.15973101728251068, "True", 3100], [0.15281743966718153, 0.15115217583571405, 0.13259732697166968, 0.16970702469975865, "True", 2700]]}, "test 5": {"params": [{"S": 2.0, "vol": 0.3, "r": 0.03, "T": 0.1095890410958904, "mu": 0.691503344943507, "sigma": 0.09931270663228416, "mean": 2.006586163102872, "std": 0.1997718882337192, "low": 1.4072704984017146, "high": 2.6059018278040296}], "test_params": {"epsilon": 0.008, "alpha": 0.01}, "results": [[0.02373888860408517, 0.02272371550236762, 0.00967583647934821, 0.03577159452538713, "True", 1600], [0.02373888860408517, 0.02397245999208575, 0.02027328384977284, 0.02767163613439877, "True", 5100], [0.02373888860408517, 0.02666001726300671, 0.01555904810636394, 0.03776098641964959, "True", 1800], [0.02373888860408517, 0.02628765223839934, 0.015952703133012728, 0.03662260134378585, "True", 1900], [0.02373888860408517, 0.02968746214679468, 0.020587145991761344, 0.03878777830182812, "True", 2300]]}, "test 6": {"params": [{"S": 2.0, "vol": 0.3, "r": 0.03, "T": 0.136986301369863, "mu": 0.6910923860393974, "sigma": 0.11103498152964078, "mean": 2.0082360899633027, "std": 0.22367350656248752, "low": 1.3372155702758401, "high": 2.679256609650765}], "test_params": {"epsilon": 0.008, "alpha": 0.01}, "results": [[0.5197084680116706, 0.5218337648008108, 0.4918841376043712, 0.551783391997251, "True", 3000], [0.5197084680116706, 0.5066725679534839, 0.4613795671751417, 0.551965568731826, "True", 2100], [0.5197084680116706, 0.5180759301230764, 0.46972433804269964, 0.5664275222034535, "True", 2000], [0.5197084680116706, 0.5021978154786743, 0.4596075019515294, 0.5447881290058192, "True", 2200], [0.5197084680116706, 0.5331942232946589, 0.4813215374056842, 0.5850669091836337, "True", 1800]]}, "test 7": {"params": [{"S": 2.0, "vol": 0.3, "r": 0.03, "T": 0.136986301369863, "mu": 0.6910923860393974, "sigma": 0.11103498152964078, "mean": 2.0082360899633027, "std": 0.22367350656248752, "low": 1.3372155702758401, "high": 2.679256609650765}], "test_params": {"epsilon": 0.008, "alpha": 0.01}, "results": [[0.16940396279682834, 0.17048897431198837, 0.14971318590418875, 0.19126476271978798, "True", 2600], [0.16940396279682834, 0.16452195589617782, 0.14149178364953516, 0.1875521281428205, "True", 2300], [0.16940396279682834, 0.16755389014713734, 0.14939824198216237, 0.18570953831211234, "True", 2900], [0.16940396279682834, 0.164845487075299, 0.1458990529612939, 0.18379192118930437, "True", 3100], [0.16940396279682834, 0.1692367103932561, 0.14846187492540333, 0.19001154586110913, "True", 2500]]}, "test 8": {"params": [{"S": 2.0, "vol": 0.3, "r": 0.03, "T": 0.136986301369863, "mu": 0.6910923860393974, "sigma": 0.11103498152964078, "mean": 2.0082360899633027, "std": 0.22367350656248752, "low": 1.3372155702758401, "high": 2.679256609650765}], "test_params": {"epsilon": 0.008, "alpha": 0.01}, "results": [[0.022756042379641774, 0.025086161314455672, 0.014461220466356197, 0.035711102162555255, "True", 1900], [0.022756042379641774, 0.025086161314455672, 0.014461220466356197, 0.035711102162555255, "True", 1800], [0.022756042379641774, 0.019786896761557142, 0.009161429848225848, 0.030412363674888438, "True", 1900], [0.022756042379641774, 0.02321255691708876, 0.013259395738889776, 0.03316571809528775, "True", 1900], [0.022756042379641774, 0.02163184598652628, 0.012254554633241408, 0.03100913733981126, "True", 2100]]}}