{"test 0": {"params": [{"S": 2.0, "vol": 0.3, "r": 0.03, "T": 0.0821917808219178, "mu": 0.6919143038476165, "sigma": 0.08600732686214937, "mean": 2.004937591789559, "std": 0.1727587094262651, "low": 1.4866614635107638, "high": 2.5232137200683544}], "test_params": {"epsilon": 0.005, "alpha": 0.01}, "results": [[0.3629653821505646, 0.37346883729406977, 0.34753253451086896, 0.39940514007727024, "True", 4100], [0.3629653821505646, 0.3772726819209133, 0.3452616146027317, 0.4092837492390949, "True", 3200], [0.3629653821505646, 0.3685955141158675, 0.3529610171713883, 0.38423001106034665, "True", 5400], [0.3629653821505646, 0.3663466483026599, 0.3502456258459519, 0.3824476707593683, "True", 5300], [0.3629653821505646, 0.36357301338571807, 0.3530232141224329, 0.37412281264900316, "True", 8100]]}, "test 1": {"params": [{"S": 2.0, "vol": 0.3, "r": 0.03, "T": 0.0821917808219178, "mu": 0.6919143038476165, "sigma": 0.08600732686214937, "mean": 2.004937591789559, "std": 0.1727587094262651, "low": 1.4866614635107638, "high": 2.5232137200683544}], "test_params": {"epsilon": 0.005, "alpha": 0.01}, "results": [[0.1336573428041825, 0.13396827268217876, 0.11806852211499928, 0.1498680232493585, "True", 3500], [0.1336573428041825, 0.13059952771815775, 0.11717736508008489, 0.1440216903562306, "True", 4200], [0.1336573428041825, 0.1403071465874689, 0.12234000148051825, 0.15827429169441926, "True", 3200], [0.1336573428041825, 0.13621492605147514, 0.11900414294629942, 0.15342570915665116, "True", 3300], [0.1336573428041825, 0.13481781775394627, 0.12002900307678394, 0.1496066324311089, "True", 4000]]}, "test 2": {"params": [{"S": 2.0, "vol": 0.3, "r": 0.03, "T": 0.0821917808219178, "mu": 0.6919143038476165, "sigma": 0.08600732686214937, "mean": 2.004937591789559, "std": 0.1727587094262651, "low": 1.4866614635107638, "high": 2.5232137200683544}], "test_params": {"epsilon": 0.005, "alpha": 0.01}, "results": [[0.024884708440264733, 0.028639724497346725, 0.018579381605733934, 0.038700067388959515, "True", 2600], [0.024884708440264733, 0.027439631593883185, 0.017379845636345585, 0.03749941755142091, "True", 2500], [0.024884708440264733, 0.02192730352839475, 0.013228953154220917, 0.03062565390256859, "True", 2900], [0.024884708440264733, 0.02424113236715385, 0.020933673309720395, 0.027548591424587182, "True", 7600], [0.024884708440264733, 0.030077072400913566, 0.01943818447643841, 0.04071596032538872, "True", 2500]]}, "test 3": {"params": [{"S": 2.0, "vol": 0.3, "r": 0.03, "T": 0.1095890410958904, "mu": 0.691503344943507, "sigma": 0.09931270663228416, "mean": 2.006586163102872, "std": 0.1997718882337192, "low": 1.4072704984017146, "high": 2.6059018278040296}], "test_params": {"epsilon": 0.005, "alpha": 0.01}, "results": [[0.4463532526364221, 0.44436463735986936, 0.4341131272854255, 0.4546161474343126, "True", 9900], [0.4463532526364221, 0.4659800966069429, 0.4235651016500486, 0.5083950915638377, "True", 2400], [0.4463532526364221, 0.44543353252258927, 0.41676861793139597, 0.4740984471137831, "True", 4400], [0.4463532526364221, 0.4334559769754816, 0.39309705741855705, 0.47381489653240616, "True", 2500], [0.4463532526364221, 0.44768674198978486, 0.41199318002894564, 0.48338030395062415, "True", 3600]]}, "test 4": {"params": [{"S": 2.0, "vol": 0.3, "r": 0.03, "T": 0.1095890410958904, "mu": 0.691503344943507, "sigma": 0.09931270663228416, "mean": 2.006586163102872, "std": 0.1997718882337192, "low": 1.4072704984017146, "high": 2.6059018278040296}], "test_params": {"epsilon": 0.005, "alpha": 0.01}, "results": [[0.15281743966718153, 0.1570399027451597, 0.13932140310948704, 0.17475840238083204, "True", 3600], [0.15281743966718153, 0.1495789085411394, 0.13247116030795092, 0.16668665677432787, "True", 4200], [0.15281743966718153, 0.15147042857827486, 0.13493375344750913, 0.1680071037090403, "True", 4300], [0.15281743966718153, 0.1469358725307102, 0.1278321367691835, 0.1660396082922369, "True", 3400], [0.15281743966718153, 0.1485035406601316, 0.13139426665753423, 0.16561281466272895, "True", 3900]]}, "test 5": {"params": [{"S": 2.0, "vol": 0.3, "r": 0.03, "T": 0.1095890410958904, "mu": 0.691503344943507, "sigma": 0.09931270663228416, "mean": 2.006586163102872, "std": 0.1997718882337192, "low": 1.4072704984017146, "high": 2.6059018278040296}], "test_params": {"epsilon": 0.005, "alpha": 0.01}, "results": [[0.02373888860408517, 0.023283095049639095, 0.013883005749197142, 0.03268318435008091, "True", 2500], [0.02373888860408517, 0.029519615176380222, 0.02055658898182995, 0.03848264137093049, "True", 2700], [0.02373888860408517, 0.025864985199462766, 0.020733941335432597, 0.0309960290634928, "True", 4800], [0.02373888860408517, 0.023415577970877486, 0.020688446138840716, 0.02614270980291426, "True", 9100], [0.02373888860408517, 0.021904942490738988, 0.012501072420105565, 0.03130881256137241, "True", 2500]]}, "test 6": {"params": [{"S": 2.0, "vol": 0.3, "r": 0.03, "T": 0.136986301369863, "mu": 0.6910923860393974, "sigma": 0.11103498152964078, "mean": 2.0082360899633027, "std": 0.22367350656248752, "low": 1.3372155702758401, "high": 2.679256609650765}], "test_params": {"epsilon": 0.005, "alpha": 0.01}, "results": [[0.5197084680116706, 0.5277705505255577, 0.4860410256707346, 0.5695000753803813, "True", 2800], [0.5197084680116706, 0.5153850537421334, 0.4668904228748394, 0.5638796846094267, "True", 2400], [0.5197084680116706, 0.5217201856843913, 0.47816995408818663, 0.5652704172805959, "True", 3400], [0.5197084680116706, 0.5180750802484279, 0.4841296054581054, 0.552020555038751, "True", 4200], [0.5197084680116706, 0.5295260607421497, 0.4979822682352517, 0.5610698532490485, "True", 4400]]}, "test 7": {"params": [{"S": 2.0, "vol": 0.3, "r": 0.03, "T": 0.136986301369863, "mu": 0.6910923860393974, "sigma": 0.11103498152964078, "mean": 2.0082360899633027, "std": 0.22367350656248752, "low": 1.3372155702758401, "high": 2.679256609650765}], "test_params": {"epsilon": 0.005, "alpha": 0.01}, "results": [[0.16940396279682834, 0.17571078329154433, 0.15656421744870327, 0.19485734913438538, "True", 4000], [0.16940396279682834, 0.18055595814989034, 0.1607163930529057, 0.20039552324687468, "True", 3400], [0.16940396279682834, 0.16747521023600728, 0.1483206131075631, 0.18662980736445145, "True", 4200], [0.16940396279682834, 0.16860941825792766, 0.15174109906152133, 0.18547773745433366, "True", 4400], [0.16940396279682834, 0.17349658531830756, 0.16399064678748648, 0.18300252384912902, "True", 7200]]}, "test 8": {"params": [{"S": 2.0, "vol": 0.3, "r": 0.03, "T": 0.136986301369863, "mu": 0.6910923860393974, "sigma": 0.11103498152964078, "mean": 2.0082360899633027, "std": 0.22367350656248752, "low": 1.3372155702758401, "high": 2.679256609650765}], "test_params": {"epsilon": 0.005, "alpha": 0.01}, "results": [[0.022756042379641774, 0.021155505546615935, 0.011006198983331017, 0.031304812109900854, "True", 2400], [0.022756042379641774, 0.029214709332432545, 0.019561242265423714, 0.038868176399441255, "True", 2500], [0.022756042379641774, 0.02528252948836694, 0.014600874992467502, 0.035964183984266374, "True", 2500], [0.022756042379641774, 0.025168928071745627, 0.015026337856424963, 0.03531151828706642, "True", 2400], [0.022756042379641774, 0.02006584526934206, 0.014771667748022967, 0.025360022790661157, "True", 5200]]}}