{"test 0": {"params": [{"S": 2.0, "vol": 0.3, "r": 0.03, "T": 0.0821917808219178, "mu": 0.6919143038476165, "sigma": 0.08600732686214937, "mean": 2.004937591789559, "std": 0.1727587094262651, "low": 1.4866614635107638, "high": 2.5232137200683544}], "test_params": {"epsilon": 0.004, "alpha": 0.01}, "results": [[0.3629653821505646, 0.3681716959917162, 0.35891359403040973, 0.3774297979530226, "True", 11200], [0.3629653821505646, 0.3651504842620225, 0.33615281620789544, 0.3941481523161491, "True", 3100], [0.3629653821505646, 0.35473585336317265, 0.33289085027688, 0.37658085644946476, "True", 5800], [0.3629653821505646, 0.3643607540534975, 0.33086092363081004, 0.3978605844761844, "True", 3600], [0.3629653821505646, 0.3575595208476816, 0.32404476150188277, 0.3910742801934805, "True", 3600]]}, "test 1": {"params": [{"S": 2.0, "vol": 0.3, "r": 0.03, "T": 0.0821917808219178, "mu": 0.6919143038476165, "sigma": 0.08600732686214937, "mean": 2.004937591789559, "std": 0.1727587094262651, "low": 1.4866614635107638, "high": 2.5232137200683544}], "test_params": {"epsilon": 0.004, "alpha": 0.01}, "results": [[0.1336573428041825, 0.1289612105605851, 0.11242785587487204, 0.1454945652462981, "True", 3700], [0.1336573428041825, 0.1289612105605851, 0.11242785587487204, 0.1454945652462981, "True", 4200], [0.1336573428041825, 0.13418397438376087, 0.1196752667515116, 0.14869268201601013, "True", 4300], [0.1336573428041825, 0.13915398991352307, 0.12134096774379147, 0.15696701208325467, "True", 3500], [0.1336573428041825, 0.1428798129414922, 0.12742518112225246, 0.158334444760732, "True", 4100]]}, "test 2": {"params": [{"S": 2.0, "vol": 0.3, "r": 0.03, "T": 0.0821917808219178, "mu": 0.6919143038476165, "sigma": 0.08600732686214937, "mean": 2.004937591789559, "std": 0.1727587094262651, "low": 1.4866614635107638, "high": 2.5232137200683544}], "test_params": {"epsilon": 0.004, "alpha": 0.01}, "results": [[0.024884708440264733, 0.027555099622898482, 0.018675480121321513, 0.036434719124475594, "True", 3500], [0.024884708440264733, 0.02606076615590105, 0.023473968821476964, 0.02864756349032514, "True", 10300], [0.024884708440264733, 0.02509880403898963, 0.022446587268303873, 0.02775102080967539, "True", 10400], [0.024884708440264733, 0.025254941302801547, 0.022567341025081577, 0.02794254158052166, "True", 10000], [0.024884708440264733, 0.02548259887264923, 0.02275707558454474, 0.028208122160753857, "True", 9800]]}, "test 3": {"params": [{"S": 2.0, "vol": 0.3, "r": 0.03, "T": 0.1095890410958904, "mu": 0.691503344943507, "sigma": 0.09931270663228416, "mean": 2.006586163102872, "std": 0.1997718882337192, "low": 1.4072704984017146, "high": 2.6059018278040296}], "test_params": {"epsilon": 0.004, "alpha": 0.01}, "results": [[0.4463532526364221, 0.4609288627404426, 0.4277618771211491, 0.4940958483597355, "True", 5400], [0.4463532526364221, 0.45182113325790363, 0.4262763782741648, 0.47736588824164194, "True", 5600], [0.4463532526364221, 0.4472025840652462, 0.43729475692168057, 0.4571104112088118, "True", 11300], [0.4463532526364221, 0.44775131235315135, 0.4157315019545203, 0.47977112275178246, "True", 4900], [0.4463532526364221, 0.45439525038821926, 0.43337780924646124, 0.4754126915299773, "True", 6500]]}, "test 4": {"params": [{"S": 2.0, "vol": 0.3, "r": 0.03, "T": 0.1095890410958904, "mu": 0.691503344943507, "sigma": 0.09931270663228416, "mean": 2.006586163102872, "std": 0.1997718882337192, "low": 1.4072704984017146, "high": 2.6059018278040296}], "test_params": {"epsilon": 0.004, "alpha": 0.01}, "results": [[0.15281743966718153, 0.14912605348901453, 0.13000748345933733, 0.1682446235186917, "True", 3900], [0.15281743966718153, 0.15558829159024917, 0.13500336895868598, 0.17617321422181273, "True", 4000], [0.15281743966718153, 0.15627584392118085, 0.1339717174888619, 0.17857997035349976, "True", 3300], [0.15281743966718153, 0.15928089700053472, 0.1434641343170955, 0.17509765968397425, "True", 5100], [0.15281743966718153, 0.16407513491493844, 0.1487027843783958, 0.17944748545148145, "True", 4900]]}, "test 5": {"params": [{"S": 2.0, "vol": 0.3, "r": 0.03, "T": 0.1095890410958904, "mu": 0.691503344943507, "sigma": 0.09931270663228416, "mean": 2.006586163102872, "std": 0.1997718882337192, "low": 1.4072704984017146, "high": 2.6059018278040296}], "test_params": {"epsilon": 0.004, "alpha": 0.01}, "results": [[0.02373888860408517, 0.0230883204140086, 0.02031410136276753, 0.025862539465249527, "True", 10100], [0.02373888860408517, 0.02412742425428792, 0.021420908406322388, 0.026833940102253442, "True", 10600], [0.02373888860408517, 0.0261158316212354, 0.016108874288399088, 0.03612278895407157, "True", 2800], [0.02373888860408517, 0.021916765656004814, 0.016184169635923434, 0.027649361676086337, "True", 5100], [0.02373888860408517, 0.022735043415343076, 0.020055131335581393, 0.025414955495104762, "True", 10500]]}, "test 6": {"params": [{"S": 2.0, "vol": 0.3, "r": 0.03, "T": 0.136986301369863, "mu": 0.6910923860393974, "sigma": 0.11103498152964078, "mean": 2.0082360899633027, "std": 0.22367350656248752, "low": 1.3372155702758401, "high": 2.679256609650765}], "test_params": {"epsilon": 0.004, "alpha": 0.01}, "results": [[0.5197084680116706, 0.5092626353370732, 0.46369839778667366, 0.5548268728874726, "True", 3600], [0.5197084680116706, 0.5292110351432852, 0.4939763305838173, 0.5644457397027531, "True", 4500], [0.5197084680116706, 0.5256925387527549, 0.4912268494115312, 0.5601582280939792, "True", 4700], [0.5197084680116706, 0.5021075203673293, 0.4617131423515139, 0.5425018983831447, "True", 4100], [0.5197084680116706, 0.5153203362764044, 0.47712557507486375, 0.5535150974779445, "True", 4100]]}, "test 7": {"params": [{"S": 2.0, "vol": 0.3, "r": 0.03, "T": 0.136986301369863, "mu": 0.6910923860393974, "sigma": 0.11103498152964078, "mean": 2.0082360899633027, "std": 0.22367350656248752, "low": 1.3372155702758401, "high": 2.679256609650765}], "test_params": {"epsilon": 0.004, "alpha": 0.01}, "results": [[0.16940396279682834, 0.17875463457838267, 0.15806874904720206, 0.19944052010956365, "True", 4000], [0.16940396279682834, 0.1710493350632614, 0.15509752406178168, 0.1870011460647411, "True", 5300], [0.16940396279682834, 0.17125486712416127, 0.15352919996544742, 0.1889805342828755, "True", 4500], [0.16940396279682834, 0.1670068283420301, 0.14397335117525834, 0.19004030550880144, "True", 3500], [0.16940396279682834, 0.16782188179098115, 0.1490283382265111, 0.18661542535545123, "True", 4300]]}, "test 8": {"params": [{"S": 2.0, "vol": 0.3, "r": 0.03, "T": 0.136986301369863, "mu": 0.6910923860393974, "sigma": 0.11103498152964078, "mean": 2.0082360899633027, "std": 0.22367350656248752, "low": 1.3372155702758401, "high": 2.679256609650765}], "test_params": {"epsilon": 0.004, "alpha": 0.01}, "results": [[0.022756042379641774, 0.02377881608961328, 0.021024805322840012, 0.02653282685638655, "True", 10700], [0.022756042379641774, 0.02436984352618074, 0.021480135529055602, 0.02725955152330573, "True", 10200], [0.022756042379641774, 0.02202116442484531, 0.019682470934817696, 0.024359857914872773, "True", 12100], [0.022756042379641774, 0.022794103691941636, 0.0203713220000121, 0.02521688538387102, "True", 11600], [0.022756042379641774, 0.02380581022057927, 0.020877149170490297, 0.026734471270668095, "True", 10100]]}}