{
    "test 0": {
        "params": [
            {
                "S": 2.0,
                "vol": 0.3,
                "r": 0.03,
                "T": 0.0821917808219178,
                "mu": 0.6919143038476165,
                "sigma": 0.08600732686214937,
                "mean": 2.004937591789559,
                "std": 0.1727587094262651,
                "low": 1.4866614635107638,
                "high": 2.5232137200683544
            }
        ],
        "test_params": { "epsilon": 0.01, "alpha": 0.01 },
        "results": [
            [
                0.3629653821505646,
                0.37369721847656057,
                0.33857242803493054,
                0.4088220089181906,
                "True"
            ],
            [
                0.3629653821505646,
                0.359715925201871,
                0.32454158092842955,
                0.3948902694753122,
                "True"
            ],
            [
                0.3629653821505646,
                0.38220146885696976,
                0.3501362290158934,
                0.4142667086980463,
                "True"
            ]
        ]
    },
    "test 1": {
        "params": [
            {
                "S": 2.0,
                "vol": 0.3,
                "r": 0.03,
                "T": 0.0821917808219178,
                "mu": 0.6919143038476165,
                "sigma": 0.08600732686214937,
                "mean": 2.004937591789559,
                "std": 0.1727587094262651,
                "low": 1.4866614635107638,
                "high": 2.5232137200683544
            }
        ],
        "test_params": { "epsilon": 0.01, "alpha": 0.01 },
        "results": [
            [
                0.024884708440264733,
                0.029862851515872483,
                0.02087327215903713,
                0.03885243087270791,
                "True"
            ],
            [
                0.024884708440264733,
                0.027181074294488513,
                0.015009990349143944,
                0.03935215823983308,
                "True"
            ],
            [
                0.024884708440264733,
                0.030995256268420916,
                0.022005129769363106,
                0.039985382767478726,
                "True"
            ]
        ]
    },
    "test 2": {
        "params": [
            {
                "S": 2.0,
                "vol": 0.3,
                "r": 0.03,
                "T": 0.1095890410958904,
                "mu": 0.691503344943507,
                "sigma": 0.09931270663228416,
                "mean": 2.006586163102872,
                "std": 0.1997718882337192,
                "low": 1.4072704984017146,
                "high": 2.6059018278040296
            }
        ],
        "test_params": { "epsilon": 0.01, "alpha": 0.01 },
        "results": [
            [
                0.4463532526364221,
                0.449127012750672,
                0.4239341964174398,
                0.4743198290839042,
                "True"
            ],
            [
                0.4463532526364221,
                0.4580171722908589,
                0.4313084226705713,
                0.48472592191114655,
                "True"
            ],
            [
                0.4463532526364221,
                0.4446447795675872,
                0.4094329665879207,
                0.47985659254725355,
                "True"
            ]
        ]
    },
    "test 3": {
        "params": [
            {
                "S": 2.0,
                "vol": 0.3,
                "r": 0.03,
                "T": 0.1095890410958904,
                "mu": 0.691503344943507,
                "sigma": 0.09931270663228416,
                "mean": 2.006586163102872,
                "std": 0.1997718882337192,
                "low": 1.4072704984017146,
                "high": 2.6059018278040296
            }
        ],
        "test_params": { "epsilon": 0.01, "alpha": 0.01 },
        "results": [
            [
                0.02373888860408517,
                0.018386787978041892,
                0.007191643652942578,
                0.029581932303141135,
                "True"
            ],
            [
                0.02373888860408517,
                0.025148986043861427,
                0.013933931170642568,
                0.036364040917080356,
                "True"
            ],
            [
                0.02373888860408517,
                0.027198753225394452,
                0.01597648689159419,
                0.03842101955919479,
                "True"
            ]
        ]
    }
}
