{"test 0": {"params": [{"S": 2.0, "vol": 0.3, "r": 0.03, "T": 0.0821917808219178, "mu": 0.6919143038476165, "sigma": 0.08600732686214937, "mean": 2.004937591789559, "std": 0.1727587094262651, "low": 1.4866614635107638, "high": 2.5232137200683544}], "test_params": {"epsilon": 0.007, "alpha": 0.01}, "results": [[0.3629653821505646, 0.36793474375603186, 0.3299241964605192, 0.4059452910515442, "True", 1900], [0.3629653821505646, 0.3571053411100292, 0.32551706558047555, 0.3886936166395828, "True", 2300], [0.3629653821505646, 0.36958091972450513, 0.33585815388883133, 0.40330368556017937, "True", 2800], [0.3629653821505646, 0.37012725440829414, 0.3345579138904645, 0.4056965949261238, "True", 2200], [0.3629653821505646, 0.37131264451379453, 0.3305181375479277, 0.4121071514796617, "True", 1900]]}, "test 1": {"params": [{"S": 2.0, "vol": 0.3, "r": 0.03, "T": 0.0821917808219178, "mu": 0.6919143038476165, "sigma": 0.08600732686214937, "mean": 2.004937591789559, "std": 0.1727587094262651, "low": 1.4866614635107638, "high": 2.5232137200683544}], "test_params": {"epsilon": 0.007, "alpha": 0.01}, "results": [[0.1336573428041825, 0.13384907135810287, 0.11887585487781152, 0.14882228783839394, "True", 2900], [0.1336573428041825, 0.13261120165476142, 0.11544070747728168, 0.1497816958322414, "True", 2700], [0.1336573428041825, 0.14439912212955008, 0.13201748116092343, 0.15678076309817676, "True", 4200], [0.1336573428041825, 0.1356501113231794, 0.11928141600233974, 0.15201880664401876, "True", 2800], [0.1336573428041825, 0.13475848978061505, 0.11978546139436368, 0.14973151816686667, "True", 3200]]}, "test 2": {"params": [{"S": 2.0, "vol": 0.3, "r": 0.03, "T": 0.0821917808219178, "mu": 0.6919143038476165, "sigma": 0.08600732686214937, "mean": 2.004937591789559, "std": 0.1727587094262651, "low": 1.4866614635107638, "high": 2.5232137200683544}], "test_params": {"epsilon": 0.007, "alpha": 0.01}, "results": [[0.024884708440264733, 0.019148459505678252, 0.008450074828343134, 0.02984684418301348, "True", 1800], [0.024884708440264733, 0.02526368370339783, 0.013757186890263562, 0.036770180516532205, "True", 1800], [0.024884708440264733, 0.023666732179034092, 0.012963499995040043, 0.03436996436302804, "True", 1800], [0.024884708440264733, 0.02537686730150649, 0.012931052175819397, 0.03782268242719358, "True", 1700], [0.024884708440264733, 0.02098564992582055, 0.009490289092936666, 0.03248101075870444, "True", 1700]]}, "test 3": {"params": [{"S": 2.0, "vol": 0.3, "r": 0.03, "T": 0.1095890410958904, "mu": 0.691503344943507, "sigma": 0.09931270663228416, "mean": 2.006586163102872, "std": 0.1997718882337192, "low": 1.4072704984017146, "high": 2.6059018278040296}], "test_params": {"epsilon": 0.007, "alpha": 0.01}, "results": [[0.4463532526364221, 0.4324455091281748, 0.39483312626441613, 0.47005789199193343, "True", 2300], [0.4463532526364221, 0.4719439688514663, 0.4322116381655634, 0.5116762995373688, "True", 2200], [0.4463532526364221, 0.43076451488116235, 0.3986183362030545, 0.4629106935592706, "True", 2600], [0.4463532526364221, 0.4492929697904758, 0.4007074457139726, 0.4978784938669793, "True", 1900], [0.4463532526364221, 0.44633063584096916, 0.4065175522712276, 0.48614371941071033, "True", 2200]]}, "test 4": {"params": [{"S": 2.0, "vol": 0.3, "r": 0.03, "T": 0.1095890410958904, "mu": 0.691503344943507, "sigma": 0.09931270663228416, "mean": 2.006586163102872, "std": 0.1997718882337192, "low": 1.4072704984017146, "high": 2.6059018278040296}], "test_params": {"epsilon": 0.007, "alpha": 0.01}, "results": [[0.15281743966718153, 0.15583347128543334, 0.135972949686073, 0.17569399288479365, "True", 2500], [0.15281743966718153, 0.16089191352041335, 0.14428054075019664, 0.17750328629062978, "True", 3300], [0.15281743966718153, 0.15358068476690742, 0.13550006430618713, 0.1716613052276277, "True", 2800], [0.15281743966718153, 0.15580417933709637, 0.14041398316598566, 0.17119437550820704, "True", 3500], [0.15281743966718153, 0.1596246506704415, 0.13975511698710302, 0.1794941843537797, "True", 2500]]}, "test 5": {"params": [{"S": 2.0, "vol": 0.3, "r": 0.03, "T": 0.1095890410958904, "mu": 0.691503344943507, "sigma": 0.09931270663228416, "mean": 2.006586163102872, "std": 0.1997718882337192, "low": 1.4072704984017146, "high": 2.6059018278040296}], "test_params": {"epsilon": 0.007, "alpha": 0.01}, "results": [[0.02373888860408517, 0.01950453692252054, 0.0076371017095770745, 0.03137197213546411, "True", 1700], [0.02373888860408517, 0.025345504736197438, 0.013464068762633757, 0.03722694070976123, "True", 1800], [0.02373888860408517, 0.03068359340412316, 0.01878500554713989, 0.042582181261106425, "True", 1800], [0.02373888860408517, 0.02439682493765933, 0.015208855809681628, 0.033584794065636914, "True", 2400], [0.02373888860408517, 0.024458063638187182, 0.011611744268810571, 0.03730438300756379, "True", 1600]]}, "test 6": {"params": [{"S": 2.0, "vol": 0.3, "r": 0.03, "T": 0.136986301369863, "mu": 0.6910923860393974, "sigma": 0.11103498152964078, "mean": 2.0082360899633027, "std": 0.22367350656248752, "low": 1.3372155702758401, "high": 2.679256609650765}], "test_params": {"epsilon": 0.007, "alpha": 0.01}, "results": [[0.5197084680116706, 0.5199909085539699, 0.4794313138393577, 0.5605505032685816, "True", 2400], [0.5197084680116706, 0.5427662445465476, 0.49997736032911777, 0.5855551287639774, "True", 2200], [0.5197084680116706, 0.5320264883413857, 0.49150922240281936, 0.5725437542799521, "True", 2500], [0.5197084680116706, 0.5213153494660046, 0.48282354948105854, 0.5598071494509507, "True", 2500], [0.5197084680116706, 0.5019780287949941, 0.4685231970971518, 0.5354328604928363, "True", 3400]]}, "test 7": {"params": [{"S": 2.0, "vol": 0.3, "r": 0.03, "T": 0.136986301369863, "mu": 0.6910923860393974, "sigma": 0.11103498152964078, "mean": 2.0082360899633027, "std": 0.22367350656248752, "low": 1.3372155702758401, "high": 2.679256609650765}], "test_params": {"epsilon": 0.007, "alpha": 0.01}, "results": [[0.16940396279682834, 0.17152799212670297, 0.14539621422836524, 0.197659770025041, "True", 2200], [0.16940396279682834, 0.16518396258254625, 0.14908846650299612, 0.18127945866209638, "True", 4200], [0.16940396279682834, 0.16893936265200618, 0.14671357241232214, 0.19116515289169023, "True", 2800], [0.16940396279682834, 0.16854993708464325, 0.14916162517352063, 0.1879382489957656, "True", 2900], [0.16940396279682834, 0.17304334063389754, 0.15185408643293366, 0.19423259483486138, "True", 2800]]}, "test 8": {"params": [{"S": 2.0, "vol": 0.3, "r": 0.03, "T": 0.136986301369863, "mu": 0.6910923860393974, "sigma": 0.11103498152964078, "mean": 2.0082360899633027, "std": 0.22367350656248752, "low": 1.3372155702758401, "high": 2.679256609650765}], "test_params": {"epsilon": 0.007, "alpha": 0.01}, "results": [[0.022756042379641774, 0.029158476588447207, 0.01693317268477888, 0.04138378049211554, "True", 1700], [0.022756042379641774, 0.02514654541575463, 0.011938608833933679, 0.03835448199757559, "True", 1600], [0.022756042379641774, 0.02718989878116066, 0.015821530876156113, 0.03855826668616509, "True", 1800], [0.022756042379641774, 0.022227116113033733, 0.012772554577338637, 0.03168167764872883, "True", 2500], [0.022756042379641774, 0.022811889118614394, 0.018934697335901796, 0.026689080901326996, "True", 5200]]}}