{"test 0": {"params": [{"S": 2.0, "vol": 0.3, "r": 0.03, "T": 0.0821917808219178, "mu": 0.6919143038476165, "sigma": 0.08600732686214937, "mean": 2.004937591789559, "std": 0.1727587094262651, "low": 1.4866614635107638, "high": 2.5232137200683544}], "test_params": {"epsilon": 0.006, "alpha": 0.01}, "results": [[0.3629653821505646, 0.36048373054036487, 0.32395433647655386, 0.39701312460417626, "True", 2300], [0.3629653821505646, 0.39907165025582936, 0.36031533414948996, 0.4378279663621683, "True", 2100], [0.3629653821505646, 0.3529617733065262, 0.3190249992723, 0.386898547340752, "True", 3000], [0.3629653821505646, 0.3767403602805954, 0.33526673659296563, 0.4182139839682252, "True", 2000], [0.3629653821505646, 0.37564666037028616, 0.3368320289585763, 0.41446129178199603, "True", 2200]]}, "test 1": {"params": [{"S": 2.0, "vol": 0.3, "r": 0.03, "T": 0.0821917808219178, "mu": 0.6919143038476165, "sigma": 0.08600732686214937, "mean": 2.004937591789559, "std": 0.1727587094262651, "low": 1.4866614635107638, "high": 2.5232137200683544}], "test_params": {"epsilon": 0.006, "alpha": 0.01}, "results": [[0.1336573428041825, 0.13419764802415457, 0.12019746006706164, 0.14819783598124722, "True", 4200], [0.1336573428041825, 0.13025148523866628, 0.11235704658690658, 0.1481459238904257, "True", 2800], [0.1336573428041825, 0.13825758970788057, 0.12034304148453459, 0.15617213793122656, "True", 2800], [0.1336573428041825, 0.1348890313847301, 0.12260563989046297, 0.14717242287899726, "True", 4500], [0.1336573428041825, 0.13121240527852313, 0.11551910184416726, 0.14690570871287925, "True", 3300]]}, "test 2": {"params": [{"S": 2.0, "vol": 0.3, "r": 0.03, "T": 0.0821917808219178, "mu": 0.6919143038476165, "sigma": 0.08600732686214937, "mean": 2.004937591789559, "std": 0.1727587094262651, "low": 1.4866614635107638, "high": 2.5232137200683544}], "test_params": {"epsilon": 0.006, "alpha": 0.01}, "results": [[0.024884708440264733, 0.01791002571332939, 0.008702331095752427, 0.027117720330906474, "True", 2500], [0.024884708440264733, 0.01996353844643935, 0.009019530582410895, 0.030907546310467805, "True", 2000], [0.024884708440264733, 0.02466493535268304, 0.012952616684352007, 0.03637725402101408, "True", 1900], [0.024884708440264733, 0.026503560434478202, 0.015550606381300314, 0.03745651448765598, "True", 2000], [0.024884708440264733, 0.028216489320044783, 0.01792768692561465, 0.03850529171447492, "True", 2400]]}, "test 3": {"params": [{"S": 2.0, "vol": 0.3, "r": 0.03, "T": 0.1095890410958904, "mu": 0.691503344943507, "sigma": 0.09931270663228416, "mean": 2.006586163102872, "std": 0.1997718882337192, "low": 1.4072704984017146, "high": 2.6059018278040296}], "test_params": {"epsilon": 0.006, "alpha": 0.01}, "results": [[0.4463532526364221, 0.440274008322975, 0.4109067986549077, 0.4696412179910418, "True", 3900], [0.4463532526364221, 0.452632908918434, 0.4192267326964118, 0.4860390851404567, "True", 2700], [0.4463532526364221, 0.44792083971294777, 0.41596891217187687, 0.4798727672540187, "True", 2900], [0.4463532526364221, 0.4568760354803844, 0.41591259778657724, 0.4978394731741911, "True", 2300], [0.4463532526364221, 0.430448397219134, 0.3841444050688129, 0.4767523893694556, "True", 2200]]}, "test 4": {"params": [{"S": 2.0, "vol": 0.3, "r": 0.03, "T": 0.1095890410958904, "mu": 0.691503344943507, "sigma": 0.09931270663228416, "mean": 2.006586163102872, "std": 0.1997718882337192, "low": 1.4072704984017146, "high": 2.6059018278040296}], "test_params": {"epsilon": 0.006, "alpha": 0.01}, "results": [[0.15281743966718153, 0.15699177871083814, 0.13283623207346895, 0.18114732534820704, "True", 2300], [0.15281743966718153, 0.15199733320110384, 0.1358016754695487, 0.1681929909326593, "True", 4100], [0.15281743966718153, 0.15117429689566442, 0.12704470337274004, 0.17530389041858876, "True", 2300], [0.15281743966718153, 0.14530016574682728, 0.1263842124112253, 0.16421611908242928, "True", 3700], [0.15281743966718153, 0.15451282317438814, 0.13707354646724731, 0.17195209988152896, "True", 3400]]}, "test 5": {"params": [{"S": 2.0, "vol": 0.3, "r": 0.03, "T": 0.1095890410958904, "mu": 0.691503344943507, "sigma": 0.09931270663228416, "mean": 2.006586163102872, "std": 0.1997718882337192, "low": 1.4072704984017146, "high": 2.6059018278040296}], "test_params": {"epsilon": 0.006, "alpha": 0.01}, "results": [[0.02373888860408517, 0.029774151791110648, 0.019147481792963304, 0.04040082178925787, "True", 2200], [0.02373888860408517, 0.027875799820283164, 0.017251028014575648, 0.03850057162599056, "True", 2300], [0.02373888860408517, 0.02250688779258634, 0.018957952533334297, 0.026055823051838387, "True", 6600], [0.02373888860408517, 0.02102865545365512, 0.0089431896027155, 0.033114121304594624, "True", 1800], [0.02373888860408517, 0.026691361104189015, 0.015380695079579907, 0.038002027128798244, "True", 1900]]}, "test 6": {"params": [{"S": 2.0, "vol": 0.3, "r": 0.03, "T": 0.136986301369863, "mu": 0.6910923860393974, "sigma": 0.11103498152964078, "mean": 2.0082360899633027, "std": 0.22367350656248752, "low": 1.3372155702758401, "high": 2.679256609650765}], "test_params": {"epsilon": 0.006, "alpha": 0.01}, "results": [[0.5197084680116706, 0.5080503868108537, 0.4659825033388035, 0.5501182702829032, "True", 2500], [0.5197084680116706, 0.49846748812215536, 0.4487835892519142, 0.5481513869923971, "True", 2200], [0.5197084680116706, 0.5257951437968711, 0.47301316483377837, 0.5785771227599639, "True", 2000], [0.5197084680116706, 0.5284328323877278, 0.49857154478505267, 0.5582941199904028, "True", 4400], [0.5197084680116706, 0.4966655498136356, 0.4401761124171561, 0.5531549872101156, "True", 1800]]}, "test 7": {"params": [{"S": 2.0, "vol": 0.3, "r": 0.03, "T": 0.136986301369863, "mu": 0.6910923860393974, "sigma": 0.11103498152964078, "mean": 2.0082360899633027, "std": 0.22367350656248752, "low": 1.3372155702758401, "high": 2.679256609650765}], "test_params": {"epsilon": 0.006, "alpha": 0.01}, "results": [[0.16940396279682834, 0.16672269837956077, 0.15624358581443606, 0.17720181094468582, "True", 6000], [0.16940396279682834, 0.1626619968652604, 0.1445092667511649, 0.18081472697935622, "True", 3600], [0.16940396279682834, 0.17182064238365063, 0.15229430843275837, 0.1913469763345429, "True", 3100], [0.16940396279682834, 0.16268982024530376, 0.14387528974579947, 0.18150435074480809, "True", 3500], [0.16940396279682834, 0.16540104762857727, 0.14327744886003632, 0.18752464639711852, "True", 2800]]}, "test 8": {"params": [{"S": 2.0, "vol": 0.3, "r": 0.03, "T": 0.136986301369863, "mu": 0.6910923860393974, "sigma": 0.11103498152964078, "mean": 2.0082360899633027, "std": 0.22367350656248752, "low": 1.3372155702758401, "high": 2.679256609650765}], "test_params": {"epsilon": 0.006, "alpha": 0.01}, "results": [[0.022756042379641774, 0.022598617566850342, 0.013310819674350357, 0.03188641545935033, "True", 2500], [0.022756042379641774, 0.024645110101327413, 0.014339620565778024, 0.03495059963687679, "True", 2500], [0.022756042379641774, 0.02200297441215835, 0.011694517602603167, 0.032311431221713656, "True", 2200], [0.022756042379641774, 0.026096718732480657, 0.01633693398522777, 0.03585650347973354, "True", 2600], [0.022756042379641774, 0.02529283956587218, 0.014987890962498791, 0.035597788169245574, "True", 2300]]}}